station_id,pH,Turbidity_NTU,Conductivity_uS_cm,Temperature_C,Dissolved_Oxygen_Pct,UV254_Absorbance,ORP_mV,Color_PCU,Odor_TON,Total_Coliform_CFU,E_Coli_CFU,Fecal_Coliform_CFU,BOD5_mg_L,COD_mg_L,Chlorophyll_a_ug_L,Dissolved_Oxygen_mg_L,Nitrate_N_mg_L,Nitrite_N_mg_L,Ammonia_N_mg_L,Total_Kjeldahl_N_mg_L,Total_Phosphorus_mg_L,Orthophosphate_mg_L,Sulfate_mg_L,Chloride_mg_L,Fluoride_mg_L,Calcium_mg_L,Magnesium_mg_L,Sodium_mg_L,Potassium_mg_L,Hardness_CaCO3_mg_L,Alkalinity_CaCO3_mg_L,Lead_ug_L,Mercury_ug_L,Cadmium_ug_L,Arsenic_ug_L,Chromium_ug_L,Copper_ug_L,Zinc_ug_L,Nickel_ug_L,Selenium_ug_L,Manganese_ug_L,Iron_ug_L,Barium_ug_L,Total_THM_ug_L,Benzene_ug_L,Toluene_ug_L,TDS_mg_L,TSS_mg_L,Total_Nitrogen_mg_L,Silica_mg_L
1,7.1,328.60,"945,4",24.14701,3.9644e+01,0.0,2.2020e-03,"217,7",24.16483,282.7675,0.0,12059.82,102.712,"4,34",0.471,"0,140",0.1,0.0873,"0,023",0.6,1.0,0.0144,0.078,"0,354",0.2,1.3157e+02,1.6540e+00,1.51703,"0,8",6.5168e-02,"3,06",0.427,0.0000,6.7806e-02,394.33571,133.095,0.00827,2.5,9.0708e-02,2.8376,0.00283,0.5,1.3403e+00,267.258,0.0006,0.071,86.12579,83.891,4.37,0.02216
2,8.90875,73.65345,"3433,0",3.5846e+01,"123,601","1,10",0.0,3.3803e+00,1.3,0.31967,0.53,0.09575,1.0031e+02,11.75601,1.09,11.31,"0,033",0.9,1.2969e-03,3.29061,1.1439e-01,"0,0",1.0389e+00,7.88,1.31999,"92,8044",5.0800e+01,0.0725,18.2,9.7,4.3,2.0210e-02,0.167,0.1,4.28467,0.00473,414.38,0.36,424.31,0.004,2.769,3564.09403,651.81,0.02414,2.0554e+01,1.3299e-02,369.99724,0.0,1.1919e-01,0.0147
3,6.0943e+00,22.60,70.5,20.5885,182.43763,0.007,"0,265","109,4485",3.3610e+00,0.0039,"0,1",1.5034e-02,191.34217,265.7,22.02630,0.5,"9,39",0.005,12.69217,0.204,4.6279e+00,"4,5",8.9952e+00,"0,060",0.003,"14,2",2.765,"16,61","0,8441",92.1,2.12,0.66309,0.0,0.0,"337,05","4,6621",59.45,648.75,7.9309e+00,"161,3919",3631.31,0.1,6.9073e-02,3.9958e+00,"0,72",0.0001,0.674,0.07234,1.0189e-02,"2,188"
4,8.7248e+00,0.769,24.607,19.83338,1.9727e+02,0.01,"9,2827",1.1365e+02,3.52218,404.13,"0,4",41.351,28.8,40.488,0.2158,0.52721,0.0110,0.00490,0.0,"0,281",1.72,0.01,"34,378",0.13,"0,86",7.3736e-02,31.4,14.46126,1.1989,1.0955e-01,173.8,"0,2629","0,0",39.36348,2.9703,47.74437,928.6644,166.2659,28.013,0.63,2.2100e-03,"19,401",2.1410e+03,"0,04",1.0401e+00,3.1766,1.5061,2081.5,45.8415,31.152
5,7.9261,0.20475,27.30,35.993,125.2,"0,0011",0.0040,61.76911,1.0272,0.0,6.9364e+00,112.6024,3.2376e+01,"4,708","43,085",0.172,0.160,0.57710,0.13,19.6,1.48,0.38,0.01990,12.681,6.2461e-02,4.6,1.7014e+02,0.657,44.6563,1.8,398.43,0.00723,1.36129,"2,1124",1.9262e+00,7.3507e+01,6.6383,1.2510,67.56059,"0,3843",3011.12021,32.7,2.4213,6.448,0.00,"983,390",0.193,3763.81,5.5534,"45,8955"
6,6.8833,2.7,1.9824e+03,"13,02","42,204",0.06887,"335,897","75,6073","20,499","0,01","20,19",1.6920e+04,1.225,35.89128,175.9,"15,075",2.7036e-01,"0,4",0.18,0.6,4.6960,"2,4",4.2,549.2,0.34,0.563,"2,4572",89.10,"35,2474",4.6800,4.45553,1.7792e+00,0.245,1.0214e-01,2.7153e-02,0.00064,3.6422e+01,"0,1481","0,004",8.92,1.30,7.1,1.10351,6.019,0.241,17.62722,2041.64702,0.006,7.3905e+00,0.01308
7,6.2,9.236,287.84,25.6785,147.96,1.6646,1.1163,7.4413,"67,569","0,1",1.182,0.0037,"0,5880",772.58317,1.2367e+02,"0,4",0.32561,4.3750e-03,0.0,"0,0338",0.65,3.6904e-02,0.9965,0.19508,7.321,98.1,0.6,6.8417e+01,21.270,"20,5414","181,21",0.06357,1.1304e-02,0.0001,0.001,"0,662",1320.7248,652.5765,0.01838,0.00,"65,8374",0.4,0.0044,0.01,1.5686e+00,44.5,804.04611,1.4709e+00,0.09,0.229
8,"7,5094",147.275,599.50713,"6,936",23.4081,0.1,0.00,38.106,145.7,26.9,0.5,49.736,9.4,"43,3","303,704","8,3360",35.93,0.1594,"0,05",0.0110,6.9484e-04,0.00574,0.020,"111,9490",0.016,"0,1811","3,248",1.174,1.0441,0.2,63.492,"37,775",2.1205e-03,0.04,80.2,0.12865,6.7160e-03,"5,1258",1.5024e-01,46.06655,"4611,57",0.2236,"23,773",106.7,0.0011,1007.431,"3,760",38.622,17.890,"0,5"
9,6.30937,"218,03",231.0261,33.145,70.8,9.0396e-01,0.198,1.1,1.2115e+02,0.01,"0,172",8638.35244,218.73,52.5,21.73436,9.5,"0,1215",0.0,"2,180","0,8",4.1,2.02080,1.8777e+00,0.85835,0.00078,"0,76",2.8982e-01,4.6038e+02,1.7870e+01,"0,10",0.76,0.07,1.9354e+00,1.0784e-04,8.9390e-01,0.063,9.7729e-01,1938.4,107.22518,0.0,0.0021,4.4211e+04,24.2,6.4699e-03,0.02744,"1186,163",9078.3,6.1196e+02,1.34518,"0,7782"
10,8.3314,"11,6284","139,6","36,301",31.128,0.0423,1.1670e-03,18.4,1.348,0.00822,6.6480e-03,54.94193,"59,1",56.2479,362.3,8.123,0.01,"1,6",0.0,39.7840,0.01097,8.0,1.347,"13,299","0,38",478.6105,0.0,1.9946,"48,480","1,0",3.1655e+02,3.7459e+01,0.0005,5.896,0.028,"252,6062","0,76",0.0,0.69,"86,9",0.05,1.51,10.618,0.0,2.5,3.30962,563.597,1.9388e-03,5.98250,92.955
11,8.0945e+00,9.62,68.4551,32.6449,140.099,"0,00",2.3839e+02,165.95997,153.292,"386,63","19,67","1,13",195.1,3.9645e+02,0.1470,1.50097,0.24690,0.996,27.09,0.255,0.915,"0,0904","8,465",9.5,3.2733,18.4,6.00,0.29,3.291,6.9341e+02,4.0739e+02,498.79913,4.8588e+01,"0,0034",101.4,341.4,1.2519,0.00976,"15,35","0,2669",3.4,"1,329",7.01040,0.05177,"0,01","3,4711",0.02,0.3,3.63851,"0,50"
12,7.56,1.4197e+02,308.73083,22.66,176.6,0.02,0.00618,"1,1959","54,65","59,6684",84.83,"0,0359",1.196,1.10569,1.98,12.21,2.8242e-01,"0,0",13.9,0.062,0.4974,0.0624,15.4749,2.07,2.0339e-01,"9,1",1.21,"26,1850",2.4860e+01,21.8,2.3227e+02,4.2180e-01,0.6640,"0,001","0,0397",0.0026,1.0056e+00,"3,28",1.3233e-03,0.00,3.2623e+00,1.8301e+03,4.70727,"5,4447","0,049",1.0928e-02,"1006,2",4.339,"0,027",6.2088e-01
13,6.5068,1.0727,30.04,4.0038e+00,32.9208,3.3193e-02,"0,02",9.620,14.40052,"206,6946","0,00","686,3",27.757,"1,759",170.3496,18.4966,1.2012e-03,"0,011",6.4,10.46,"0,0","0,0008",12.9246,8.0163e-01,"0,7158",0.2,0.329,174.75,2.3158e+00,21.1,"3,581",0.2,0.781,0.00285,"0,001","11,0",6.7521e-02,9.3,"0,0039",0.0018,1.1864e-03,9.7115e-02,6.055,4.80244,0.23,676.37,603.6,325.07,2.3308e+01,"7,01"
14,6.3,9.6993e+00,"383,5894",29.9449,92.0,2.6370e-03,"0,0",9.54879,"30,64",24.80,0.3,15943.27080,2.4094e+01,5.1485e+00,"0,24",0.122,"0,081","0,0",4.4537e-02,5.8812e-01,0.03735,0.1,1.7406e+00,1.05666,"0,0090",4.4814e+02,0.978,15.6159,1.2403e+00,6.9652,"409,45",0.001,4.2866e-02,0.008,3.0697e-01,2.3402e+01,0.09670,13.18,173.416,4.1442e-04,15.750,2.5160e+02,0.08,"0,0",0.0002,4.2296e-02,7.3433e-02,"0,1412",0.02074,"6,399"
15,7.5978e+00,0.15549,"81,0",5.8094e+00,2.2041e+01,"1,853",0.080,153.40,3.8542,176.6,2.0970e+02,22.3242,10.21,17.19977,1.9519e+00,"18,6611",11.815,3.71198,0.027,9.3884e+00,4.0429e-01,"0,0","1,58",167.25,0.5290,4.7,1.16,"10,57","10,4806",12.7,86.31157,0.10306,0.0029,"2,665",5.963,2.1408e+02,0.02,1846.706,14.0789,"0,002",0.05146,0.080,582.619,0.0,0.000,"739,771",141.80,0.10,3.74209,"0,2"
16,6.3507,2.9951e+02,494.5,13.73,36.4617,0.42,4.575,"27,5",114.0,1178.65,0.0,0.19,2.45,170.5,0.1331,1.1828e+01,6.612,1.7504e+00,1.5469e-01,"16,4645",2.3185e-02,"3,1",0.025,1.5555e+01,"0,13",0.0633,2.0,1.4681e+02,36.14,"1,9372",348.504,10.175,0.1,0.69,1.753,265.657,"0,11",40.12413,0.0168,133.97,3.69184,1.1063e+03,74.3,3.4145e+01,0.11,5.6368e+02,6.3,123.1433,0.9,66.3237
17,8.12172,0.367,359.2403,"24,5",,2.6979e-01,327.8,314.8,10.9,0.0074,7.8323e+03,1332.97,1.1099,"578,7962",165.0899,0.33931,0.1,0.00214,0.0,0.8029,4.46934,"0,0002","0,1",0.44148,0.4,7.5811e+00,4.0,4.7769e-01,37.0,0.66,116.179,4.716,0.00003,"0,0",15.63,9.0312,"2,2822","28,1563","41,26",12.22,0.0011,2254.8595,4.5556e+00,"0,4",0.3,6.1,0.01803,4.8686e+00,3.21059,"0,195"
18,"6,2","59,44",36.9,35.9731,48.97653,0.0043,0.00164,"18,797","19,940","0,003",268.3449,2.0393,14.315,21.003,"3,0","11,63",0.00268,0.00,"0,71",35.772,0.0055,0.039,0.8910,0.5,0.0,2.6,36.47,4.1216e+00,0.0,17.73462,119.4,0.0,0.00001,1.1031e-01,125.52,1.7163e-03,2.0415e-01,8.969,1.0647e+00,0.63,"469,5",13236.0,"1,1775",7.7718e-03,0.0101,"0,8",75.76,2.06785,1.0940e-01,0.01309
19,6.6,1.2535e-01,30.9,23.53014,9.0071e+01,0.8846,66.903,8.3667e+00,"3,9531",0.83799,"13,55",0.1,27.099,1.6914e+01,11.0,0.29020,0.0,3.2233,"4,5201",0.2389,0.24,2.0323e-01,5.03,"250,9",0.0099,"0,03",0.10288,42.2,0.81491,"21,7665",0.7,122.57,4.3780e+01,2.7182e-03,0.0,"0,003",5.9229e-01,"4,5415",1.2237e+00,"0,0080",0.010,823.53491,"0,26",1.5424e+02,"0,0004",0.112,0.0257,2.13,41.84757,0.20
20,7.802,28.8,29.7387,36.62,89.57,"0,02",1.1567,1.3389e+00,2.4134,480.94861,0.0038,25.330,2.40208,14.7,1.1691e+00,0.24,4.5680e+00,0.0126,"0,9321",1.3758e-01,0.05012,6.1869,1.64280,4.4139e+00,0.012,5.1,17.677,0.06,"25,1",150.460,1.7045e+00,7.1053e+01,2.4792e-05,0.09,76.478,15.33,283.52,54.9,3.2535,"50,57",0.9,3004.38709,"0,0102",0.0295,1.21038,"0,0",5.64860,0.003,70.91,"0,1"
21,6.5554e+00,10.10358,"2270,15",29.4229,1.6325e+02,0.15,12.2059,"195,86","3,7540",5.862,0.0354,1.6255e+04,209.75370,1.3130,40.7288,18.5797,0.00,"0,009",1.0888,1.2349e-01,0.065,0.0479,593.2,818.79,0.3581,0.5,87.51,14.857,16.2955,5.6532e+00,"0,2",16.05404,"0,071","0,0",0.0009,61.35,1.1441e+01,"0,79",0.8217,0.0011,9.8983e-02,7275.4970,"15,103",37.72629,0.0,44.550,49.9895,0.00,"40,766",0.00931
22,8.624,9.0,3.4239e+03,32.0519,1.9961e+02,0.01,33.8,12.1562,"12,71",67.787,1.3054e+03,15304.633,6.8132e+01,"17,9","3,62",0.47,7.6424e-02,"0,0","0,0122",0.0,0.10,"0,0",1.3375e+00,0.03,0.48,14.3,5.0005e+00,109.38,1.1304e+01,1127.56,3.9424e+00,0.2142,0.00,0.04,341.32341,0.0,142.107,0.00,"935,1",0.58,3.0700e+03,1984.06822,1.7701e+02,"0,0173",0.492,5.7445e-01,45.9,4.8936e-03,1.5576e+00,0.05318
23,"6,1735",384.3099,2.4284e+03,37.14621,1.9903e+02,3.7500e-03,2.1830e-01,111.29,39.9544,0.0,"513,8447",0.04,2.0930e+00,4.0825e+01,15.6051,1.2022e+01,0.02,0.1,0.00599,0.224,2.7732e-01,"7,1",3.8582e+02,"268,3",0.0,30.7,0.842,0.73055,1.8948e+01,2.1999e+01,3.6309e+02,"0,01",0.0,0.2666,"0,056",8.4599e-04,1.3,0.1,1.9293e+01,"9,027",1.1,"0,123","322,078",24.90,0.63,0.6,"2,5",2.7264e+02,35.624,0.82
24,8.1,124.76,762.9,2.7366e+01,"127,5362",0.305,0.0,238.47549,1.0142e+02,0.0,603.6,0.01,"4,266",170.0297,0.393,"0,5",1.1968e+01,7.5354e-02,0.001,0.60,1.1,0.280,78.6,0.17,"0,042",7.1528e-01,2.20,0.0910,38.2,109.59,4.8168e+00,"1,84","2,2","59,7",1.0151e-03,324.08,0.282,0.0,0.0049,"21,7619","0,00",1.07,0.02,36.45160,1.3716e-01,0.56041,8.32658,3835.749,17.740,0.9961
25,"8,3","0,12",1.1474e+01,13.283,1.0284e+02,0.34925,"10,80",16.0,"4,26","47515,1",0.96,1.9751,"1,42",2.4234e+02,36.805,5.1946e+00,0.02017,0.0235,1.8872e+00,3.9014e-02,1.3767e+01,"0,02","19,82",677.404,9.5591e-03,5.2889e+01,0.223,"6,6473","49,207",5.1634e-01,447.5791,7.0892e-01,0.06141,"0,06",0.045,0.00638,1.43352,0.07813,0.7852,0.00,"1,6",6387.890,"710,59","171,1",1.9190e+01,49.36,24.7591,"0,0013",57.88,2.1830e-01
26,8.390,6.0414e+00,"20,7",5.4448e+00,1.4026e+02,"0,0",0.0,"21,2226",1.4052,30.24,0.0764,6.6528e+02,3.6408e+00,"23,21",0.11040,2.376,"0,3",0.0043,"0,0871",0.04374,1.9686e+00,0.1,2.1855e+02,1.315,0.01,"0,05","2,1320",39.65312,0.2,,310.98709,"0,0397",1.1752,"0,054",0.0,17.86919,1.1,25.26,0.64,1.8171e-04,"29,39","17,0",0.12569,"0,0585",2.5221e+01,0.7259,3.1802e-02,2.4,8.1,21.115
27,6.095,"290,4163",13.8124,2.1881e+01,"144,72",0.7501,1.6418e+01,145.828,6.0,1876.351,0.0,"3412,583","16,6060",283.1,4.71,0.4134,"0,8854",5.0831e-01,0.0192,0.146,0.07,0.0005,4.29753,1.2825e-01,8.46,2.0246e-01,6.1251e-02,10.1715,3.3106e+01,"0,8572",2.79905,"45,741",0.070,9.7252e-02,420.10,44.66,0.0,525.9,8.6556e-01,0.00,0.009,354.374,"1628,223","75,941",16.9091,6.7618e+00,109.095,23.576,6.5561e+00,0.010
28,8.601,13.820,1.5269e+02,29.15,102.46710,0.764,207.5,13.747,"4,3350",36.3,2435.24926,0.035,26.89,78.4658,51.495,3.49979,3.1733e-01,"0,16",0.0,"0,031",16.092,"0,0",365.72553,29.9801,0.0552,223.94,"0,2964",35.0310,0.47,147.16,8.5944e-01,"2,80",3.8532e+01,0.36,46.6853,4.7,6.2067e-01,3.3381e-03,0.80,3.1476e-03,"7,467",9.8391e-03,"4,2","18,126",1.02567,0.37,0.196,8.3174e+00,7.1,0.35
29,"6,5",0.42,1.2560e+01,29.6,"136,123",0.03688,9.6209e+01,149.4,22.2,4.8394e+03,,0.0,2.8079,1.48,9.2,0.58736,0.00,0.00283,3.7355e-01,2.3670e+00,3.5714e-03,0.01,0.01,0.08,9.12,10.0,0.52,,3.2136e+01,"7,062",2.3010e+00,8.076,0.0006,7.9489e+00,1.3120e+00,0.62,0.00852,0.659,2.3190e+00,16.712,3869.6846,11.87,0.3,10.7,40.21858,5.7800e-01,"1,2",1259.40,68.2092,1.8670e+01
30,7.5,19.29294,2213.85152,23.04,15.774,1.18329,1.1758e+01,66.97,3.1353,1.1823e+02,0.57155,5.6842e+01,0.99,94.0884,497.51,0.06,"2,94","0,03",0.76105,12.9311,0.0,0.04424,432.06261,16.30876,0.0957,"63,4",63.246,193.5777,"39,9918",0.60,"4,098","0,3",1.0329e-03,0.0001,0.00,0.01,19.216,0.60516,0.0096,3.03,7.5626e+00,155.5884,6.92889,0.82901,0.0,0.075,"721,89",0.052,1.3783e+00,48.47598
31,"7,557",5.92215,11.73,"13,979",82.24,0.02,2.660,27.554,25.05001,774.1289,490.79505,"175,0000",225.71445,1.1342e+00,"0,5",1.1437e+00,2.4831e+00,"0,1","0,1",2.26849,0.02,6.08,11.347,2.0149e+00,0.015,4.9321e+00,"2,7557",8.354,40.24978,1.08,1.5910e+00,1.8097e+01,0.0045,"0,000",0.009,0.00,0.00265,0.53024,"1,986",0.00541,4.1951e-01,0.0134,125.450,"0,003","0,0774",12.0,"2,62",108.46047,9.6369e-03,"14,3"
32,"8,854",1.6801e+01,1625.422,35.42616,53.3,"0,01","4,0",12.86,85.61425,8496.7,"0,30",0.0536,73.69,6.6745,110.4,9.0510e+00,"2,9",1.6108e-04,1.0542e-01,1.6569,0.0279,"0,0",162.41317,10.9,4.4691e-02,1.8127e+00,"0,6",3.6661,0.7815,"1,1303",119.814,2.7922e+00,1.581,2.1818e+00,4.5954e+02,0.0013,301.681,0.041,0.01296,2.3378e-02,"364,2",46.1,2.98488,1.026,"14,89",30.737,0.07,0.00,0.01290,57.09
33,6.576,1.5709,4.0901e+01,"14,52",23.1905,"0,052",2.5070e-03,144.5900,3.450,14.3726,1447.28,56.5,15.12,9.40,"1,7",13.72025,47.56546,0.3,0.86992,9.376,0.01109,"0,0079",4.8628e+01,2.1051e+01,0.00177,72.83,1.6665e+00,40.50,5.285,0.65,"3,8",1.930,0.0,0.0,302.345,"2,53","0,0","4,07","944,469",114.83070,0.0994,1.1671e+01,"84,53",0.0,0.185,177.1906,24.1624,1.1366e+00,2.2186e+01,2.1370e+01
34,6.1,1.3221e+00,51.30184,14.72539,26.7,1.239,1.86,6.6773,8.19,"2,7733",16.00149,5.82,179.13480,"30,966",467.69501,"17,1771",4.2167e-03,2.7685,0.03,16.1,0.2,0.12776,4.0195e+02,261.6834,"2,3",6.6423,"0,8","16,18",9.0895e+00,263.298,1.8,4.0621e+02,0.002,2.5942e+01,1.249,192.758,2454.7019,88.76621,"50,1452","0,033","4,43",511.96,29.83,0.001,1.3,0.0,11.9519,3.2,"5,5",9.1929
35,8.89747,"4,0",69.44,20.4926,9.3507e+01,0.00223,"6,1",3.82896,26.65,101.4,"0,0",0.0,73.7979,"23,9553",0.16,19.9,0.01636,"0,372",1.8796,0.442,0.00095,"0,0",8.12504,2.0097,1.19,1.4727,10.6,"977,4410",40.79,167.087,1.5660e+02,"20,3",0.001,0.0013,"0,001",0.23,3.1485e+01,6.00,0.00818,0.0,1150.9007,4299.59478,700.867,0.53959,1.77199,"0,01",0.0114,9.1420e+00,1.36,1.0339e+00
36,7.606,0.6,10.7824,10.027,"195,416",4.4248e-01,"461,814",20.73497,"1,79",16.55,1.516,"1461,0880","0,94",29.15570,0.4,7.16884,"5,34",0.0576,2.0277e-01,1.16059,"0,3286",0.06303,4.9445e+00,"20,721",2.2946,"7,100",30.870,0.894,13.11,605.21665,0.240,0.2166,"0,509",6.34,47.5370,242.3,"0,176","0,286","0,8298",5.14376,3.59,4.4535e+00,78.5,"0,1",0.00013,0.00023,1.4092e+03,1.8477e-03,0.164,0.0089
37,8.87,53.46,8.9829e+01,12.213,76.4436,0.36071,8.01919,3.16109,2.5155e+00,0.00572,41.89084,"380,809",2.72,1.1557,"0,2013","0,6",0.12,0.1,1.4860,0.077,0.04775,0.00041,"69,9905","210,8","0,855",0.674,0.64,3.4975e+01,40.03635,"26,57",4.90,"16,84",1.43,1.4736e-02,0.1362,46.6,0.00,0.0,5.7890e+02,"0,5514",2.3803e+01,"267,4715",0.04,34.49759,"67,4881","1,084",0.02315,"5,376",3.27,"15,3109"
38,"6,86",104.27093,2.1126e+03,33.9,184.59604,0.0068,28.65,"17,5","86,5892",4.0610e+02,272.4,6.1753e+01,1.55559,43.16,438.797,18.810,0.01,"0,00",2.0499e-03,9.10748,5.0065e+00,"0,0008",0.34310,9.3867,"0,083",29.07247,7.0689e-01,1.45670,0.38955,1.2549e+02,346.00,"169,979",0.0,0.02,"1,5107",1.2124e-02,"0,5449",9.699,"0,1",0.1879,2.3273,2.0181e+02,910.8325,2.0,"4,6",142.2,704.6,"0,0050",0.08,31.80522
39,7.6627,0.10455,"1132,1168",1.8948,151.69,0.00466,452.474,9.84149,5.6530,0.014,0.138,2514.5108,293.0471,12.733,4.56454,"14,719",1.3543,1.1152e-02,1.6409e-02,0.1,"0,064",0.000,72.23838,1.1654e+01,"0,13",0.04,0.7,27.73,32.2951,0.07238,2.9209e+02,1.1938e+01,"1,2","4,9102",53.50,130.0,6.0,1.9962e+00,2.2066e+01,"0,2",1.6466,108.6,"0,8004","0,0664",2.3219e+01,1.6780e-02,209.22,3.51,0.97,4.98496
40,"6,3","0,6547","411,7",2.9559e+01,199.686,"1,203","6,2",13.71,29.09800,1118.6861,0.0067,9.8340e-01,107.66,14.17,13.0,3.8024e-01,0.048,0.0,0.010,0.01,0.01202,2.78,6.5950,35.8,4.1439e-03,8.629,0.1,0.846,4.3700e+01,608.89,97.1,93.10083,4.9524e-01,2.0,0.001,"0,00",0.408,"96,793",13.8365,25.6,678.59,0.02,"0,18",1.2736,17.953,6.6924e+01,7410.44,"1,80",0.15,2.23
41,"6,8",8.1953e-01,2792.25,10.357,61.6704,0.321,0.452,1.2483e+02,1.4139e+00,5.6728e+00,1.7190e-03,0.00287,"164,89",2.62,9.320,0.28,0.193,"0,1521",8.5030e-04,0.4,15.14,0.35,6.7350,1.435,0.1805,5.0368e+00,"39,867",38.21033,13.2,208.7,"103,0583",1.2335e+01,0.0,0.081,"33,46",5.6,1.4301,4.02705,0.00277,0.0007,1.40,8.7874e+02,0.09,1.1048e+00,0.038,0.12848,1.5959e+01,4.1520e+02,"0,31",1.2828e-02
42,7.4,6.207,28.0169,"37,86",1.7150e+02,1.6161e-01,"0,536",1.2922e+01,31.4709,15.8,0.0027,"5,5182",86.9523,2.3863e+01,0.16,"15,94",3.9677e-03,9.0500e-03,0.03739,0.1,0.10,0.25911,4.1176,"430,0","0,229",223.6995,2.0909e+00,2.2580e+01,"49,2570",408.63778,0.18448,0.17426,0.520,50.157,20.657,15.5743,1.3209,423.76,258.7,0.0,"739,5456","36047,62","0,006",1.8576e-02,0.0,"0,2571",540.5,2.2249e+02,24.7595,4.07
43,8.7453,9.36824,26.6880,27.9880,160.7,0.011,114.817,279.0,"4,337",37333.810,9.6600e-03,2.9848e-02,1.625,480.80517,26.31531,3.8900e+00,0.030,"0,2",1.3929e-03,"24,078","0,1",7.5141e-03,8.3032e+00,17.91773,"0,4716",63.489,0.92191,3.1468e+00,44.15542,"0,6",85.3,0.0,1.176,0.00,7.1950e-02,"0,2343","1,04",8.4331e-01,2.08,68.056,1.071,7.2802e+02,0.42381,4.3855e+00,2.6,3.4189e-01,0.23867,21.0613,"3,04",40.25283
44,7.0056e+00,0.4393,835.0,33.1261,2.9121e+01,"0,0062",0.01,8.6913e+00,10.871,582.3600,3.6144e+01,34.152,4.763,334.5,5.5370e+00,0.61,"0,16",0.0,0.160,0.7541,"0,06","0,008",0.0349,369.158,"0,0",181.6138,0.110,84.85,0.89173,0.9308,1.6,0.00061,0.0,0.5039,"45,5469",0.327,1.527,1159.469,200.28957,15.67,9.1790e+00,21269.1,302.704,"0,0",0.0002,8.3714,0.24,1.5776e+03,0.3116,0.06
45,8.9304e+00,2.5677e-01,1.3818e+02,2.1600,150.58,1.0730e+00,0.0450,207.31868,4.70330,1.0280e+04,189.55416,752.7461,"0,56",773.4,48.75,"6,790",8.3484e-01,"0,0110",1.0831e+01,0.201,2.1032e+00,3.0467e-01,1.9,5.31718,5.7340e-04,0.4595,3.04005,62.384,3.8916e-01,27.66343,3.72881,1.5069e-04,21.86661,0.03,50.395,0.030,1.8543e+03,5.5121e-03,9.1127e-01,0.617,"869,20",6.881,143.14791,4.8449e+02,36.9053,0.02,0.016,"1,2",0.4473,0.01530
46,"6,2816",231.57,639.9579,3.3257e+01,177.0060,"0,077",1.1,1.4511e+01,5.362,2.2179,261.311,"24,812",150.846,21.3865,17.60,12.99,1.54,2.8361e-02,4.7784e-03,2.4147,0.001,3.0023e-03,0.30,90.5,0.3740,41.79643,4.3037e+01,1.4358e+00,0.8,7.493,130.924,0.002,"0,559","0,071",1.3154e-03,"3,3839",3.85,21.15378,19.508,4.4394e-04,"181,6591",0.1,5.830,"0,0177",0.1039,0.1,4.5416e+01,1.3672,0.015,"0,1"
47,8.4,"13,061",2.4192e+02,12.093,187.03,0.0204,0.003,46.3,1.828,0.4548,3.56,2.4139e+03,1.1752e+01,127.87,470.3,3.4983,0.1038,2.8809e-02,"0,0",,9.90949,0.0,6.9436e-01,8.47458,0.16,9.435,6.8514e+01,1.0,3.2002e+01,6.69,"1,325",0.1660,0.00171,"9,23",1.103,"0,0071",,29.9,0.00125,2.4152e-03,6.0060e+02,,1.9796,"5,798",66.86,7.5085e+01,1.1,21.814,6.04,0.0
48,7.90829,238.9027,450.11,"35,01",1.4755e+02,2.5000e-03,212.4531,1.51,16.9,1.2425e-02,"0,00",1.206,3.3009,2.8708e+01,13.64725,0.0572,2.8509e-02,0.00832,1.1141e-02,"9,3",4.5966e-02,3.0927,1.1953e+02,1.9489e+01,"1,0445","0,1381",3.133,1.0122e+01,2.2598e+01,4.7496,412.10,148.62688,24.58138,1.3233e+00,4.52,27.898,0.02,0.25,106.69,18.7260,2.4292e+01,23.2,"39,1","1,3",46.80,"0,0",0.03,1.24202,0.62,14.605
49,7.0,0.2,"127,519",12.793,138.653,0.09993,0.14,3.9,187.716,3.1,65.754,0.0,"11,1689",1.210,"7,4",19.32,"0,3",0.00139,0.01,0.07959,"0,0",0.00019,1.8563e+02,23.74483,0.074,268.7,0.0,32.066,1.6041e+01,7.9369e+00,3.0346e+00,0.1,0.04364,0.4477,382.275,7.3691e-03,17.41878,22.991,30.6318,0.32273,"111,73","734,158","0,658",1.5846e+02,0.00,1.9968e+00,5.9980e+01,0.01,1.0633e-02,3.0687
50,"6,81","375,6",320.066,1.4217e+01,120.29,0.0,0.4181,49.00,13.334,,9056.04814,2674.265,26.970,51.066,19.76080,4.8249,2.0668e-02,1.3990e-03,4.5033e-01,0.21,5.6469e-02,0.24573,535.012,4.1384e+00,0.4,"222,8541",0.0,"235,25",6.6786,"4,638",1.41505,0.1755,31.0444,0.0002,12.21791,4.3846e+02,0.04291,2.8457e+03,43.9,0.002,11.40525,3.2498e+01,"0,6575",0.00722,0.0034,0.01,0.5393,1.591,87.54,0.0721
51,8.5,67.292,353.13229,38.264,48.0902,0.0,"109,9",15.32,88.90,"7514,06","0,0","2819,6989",8.800,3.3986e+01,"20,8",18.60,0.01,0.058,0.176,0.64,0.062,0.01,8.2424e-02,3.3616e-01,2.59007,5.7,1.8,745.3222,0.02,1481.47134,340.03,1.1601e+02,"0,12","0,06",8.1767e-02,159.0,0.4580,3.7274e-03,153.5,34.5,0.3,5800.08,"1345,978",3.4656e-02,"0,184",0.01251,0.0,32.17284,1.1886e-01,0.01180
52,7.0465e+00,0.26,1518.4573,"37,93",23.7,1.4219e+00,"1,2157",6.43456,"1,5",7.150,3.6443e+02,1.4536e+02,6.8945e-01,1.655,3.1,0.2066,0.005,,"6,2202",2.2996e+00,0.217,0.1582,"9,2","0,8",0.05,1.336,7.2544,2.8104,0.46586,201.2298,0.6585,193.70,7.2593e-01,0.00,0.0,3.7439e+01,0.001,0.5,3.14480,22.74,1.10289,"8,2",1.1058e+02,18.1752,0.2683,2.1617e+02,65.197,6.8748e+01,"0,7126",1.0160e+00
53,7.88867,0.15884,1048.50627,13.04468,1.0026e+01,"0,0487",0.002,5.564,"42,3",0.00,750.532,0.00107,2.4248e+00,166.998,"1,4787","0,092","0,02",0.0,8.5155e+00,0.1,4.02059,4.4,20.019,"15,1",1.3550e-01,"399,962","0,0351",5.0,24.944,"0,4563",318.2,40.13713,1.0379e-05,0.18,6.8882e-02,49.903,3657.30,"1107,0090",687.9,20.85,"12,6615",0.01320,779.72780,4.2797e+01,0.00,0.004,7419.9,70.953,1.987,"5,65"
54,6.6266e+00,2.3112e+00,"99,567",2.56802,155.8378,0.0,"71,351",1.9727e+02,"3,075",115.07,2.0,2667.1703,2.0,108.0,"17,703",6.6107,0.0,0.02,0.26417,0.71100,1.345,1.0076e-01,137.918,0.1117,4.6843,1.4886e-01,"0,1863",0.0649,6.0,0.95,137.46,0.123,0.00001,0.0,5.14,"0,001",1.57197,45.1410,0.021,0.00,0.09,1200.8720,"1,1",12.3383,77.714,17.1,1078.01996,0.01424,21.0,30.03
55,7.56,4.0761e+02,"21,820","1,2",1.5633e+02,"0,46",0.0051,5.210,1.10,"0,181",258.22,6.0485e+00,"4,6348",13.03821,"0,1",6.70,2.46,0.3,8.817,0.01,9.2507e+00,1.9246,219.35,2.3659e+01,0.156,"6,5699",0.741,4.8384e+00,0.3,"0,7908","374,9850",0.006,"0,02",72.55425,3.3662e-01,"0,11","4616,2",0.1506,"0,754",0.0,"22,5238",39.86,0.0053,1.3224e-03,7.3662e-03,229.345,"543,119",3.496,27.13,0.24
56,7.1645,3.1159e+01,5.0289e+01,"14,1",184.32,0.0091,5.9482e-01,252.6180,4.2510e+01,"0,0030",0.0,0.00,2.8299e+01,2.2030e+01,0.31,19.201,0.91,0.00785,5.5038e-01,"6,8277",0.0,0.0,2.7,2.3933e+01,0.0230,14.72846,"0,7",3.142,22.55431,0.165,2.9740e-01,0.1320,"0,04",20.8,"0,1821","2,66",3.4792,6.13342,0.691,192.2774,429.1818,42.029,127.8529,0.0030,2.05,35.72098,0.0,200.46,87.808,1.369
57,8.37778,2.2819e+02,3.5239e+03,3.8425e+01,109.1,1.68315,29.544,"2,7",12.5,3.3916e+02,0.05,47.5500,3.5554e+01,3.077,"12,3093",15.661,0.05,7.9183e-05,"0,0",9.1963e-01,3.6864e-01,0.0284,80.00020,"4,637",0.0923,1.9446e+02,1.6210e+00,1.93,"21,72",5.90510,"2,4304",0.0,2.7437e-05,0.4494,0.01,0.2868,4.6988e+00,1.5123,162.58482,1.7,28.29379,5200.3180,2.4959e+00,0.35625,0.0054,3.4355e+00,2304.8744,8.4810e+00,3.5150e-01,"0,06"
58,7.970,0.7749,3.2893e+01,"36,7704",29.343,0.05,,1.3,1.21,2.2337e-02,1.1679e+03,0.1154,218.5191,"55,57",4.1,"0,38",0.05820,4.5750e-02,0.1,0.897,8.94195,2.1501e-01,476.1,18.1278,2.2,19.30260,9.85368,1.7878e-01,29.761,"0,1446",169.1,"0,15","0,0001",8.5875e-02,0.805,3.3214e+02,0.053,"43,4158",2.3752e+02,57.4231,16.934,2974.7,711.8,"0,05","0,3",585.05866,0.41427,,1.887,6.1013e-01
59,"6,38",67.8788,10.00072,16.95435,109.277,0.0015,554.840,4.0767e+00,5.0115,0.22,0.04101,"0,0",53.113,795.31,6.7555e-01,13.598,0.3962,1.3750e+00,"0,021",0.0,0.1,1.12552,282.05798,"3,506",0.00682,271.83761,6.2811e+01,9.0069e+02,37.84,47.1,2.97,27.866,0.01951,"3,136",67.1324,1.5883,6.6297e+02,0.22,695.47686,"0,0001",9.5815e-03,1274.0,12.5,"0,07","0,019",0.00,0.3,"76,273",0.0915,1.2
60,8.4825,37.928,847.122,18.7378,184.98896,1.9628e-01,2.0102e+01,211.6791,4.27,1635.365,2.3264e-02,0.33216,4.28,862.137,147.3349,14.32,4.891,1.1997e-01,1.9640e+01,2.2,0.1803,1.7265e-02,228.4,"4,5054",0.007,1.1695e+00,7.6224e+01,1.08207,"0,9",1265.944,"2,2",0.00,0.00,2.4908e-02,"0,0218","398,2","0,00",104.5159,"117,654",70.4048,0.0,7.9,0.11,0.0,0.25,0.53,29.63600,1.3993e+01,0.742,5.0596e+01
61,8.0181e+00,88.491,47.4248,25.18,118.63174,"0,56",223.20990,1.0785e+00,3.5558e+01,0.00,6.950,0.13,3.558,11.452,19.8675,0.230,0.36638,0.00,1.7285e-02,13.04,0.0878,0.1,113.8496,"9,9396","0,01",10.2,"5,90","84,2",33.738,1.842,"103,5011",3.5270e+00,5.99382,1.0804e-04,"3,408",3.37231,0.02673,8.3459e+03,8.3521e-04,0.01,4.607,38.16596,2.6249,0.0,"16,3552",0.1072,185.4,"19,133",1.559,3.3747e-02
62,6.6160e+00,6.1,53.06,11.8547,134.78,1.5746e+00,"3,7",1.6,1.4925e+00,21133.9,0.121,0.00,2.3078e+01,"74,293",25.050,"6,1",0.0,3.7,0.0745,0.5,2.1508e+00,5.1597e-01,8.7,6.506,0.62088,"217,6",145.3543,2.078,8.2,"1094,45",3.6958e+00,184.57,5.6174e-02,"4,3512",63.44,5.4866e-02,0.02146,1.152,42.00,"0,001",0.04629,33829.4,0.02992,165.34,0.37,"78,0320",8531.41098,2.38177,0.1059,8.2758e-02
63,6.3,58.6,2939.95,17.64,"59,155",0.0272,"18,65",1.1,"22,7","52,7",2.9095e+01,0.05848,48.163,1.8801e+00,5.4588e-01,5.5225e-01,5.402,"0,00",0.0,0.0271,0.078,"0,03","0,02",23.81341,1.6,1.08,2.8172e+01,"0,0762","47,6",597.05721,4.0352e+00,0.111,28.18826,"3,1",1.99442,0.03543,0.47,"0,8947",26.320,0.16826,"23,59","24101,08",0.14516,0.021,6.4056e-01,0.004,4.8533e+00,"291,8951",23.0230,"0,09"
64,7.891,0.829,801.711,17.39025,94.1,0.14,3.3647e+02,1.4885e+00,7.9024e+01,"0,18",1.281,"0,001",3.4302e+00,32.20,0.16136,1.0331e+01,1.9189,0.0,4.55,"1,28",1.45461,0.0361,3.1358e-02,3.0296,0.00086,7.9091e-02,"26,7",441.643,1.0436,248.961,5.9664e-01,1.17,0.13995,0.33426,"17,5383","0,0202",1.3382e-02,26.011,2.7168e-01,4.0316e+01,13.76,22.6008,"3,3","4,8",0.0012,0.01,6658.3,1.74,"0,0145",4.01
65,7.660,7.26226,33.3604,"34,4",138.6187,5.8339e-01,"117,32",104.66223,10.2479,50.2,0.013,82.8525,"1,574","120,74",0.71,3.2335,0.00292,0.0,0.225,9.5,0.50,0.01705,"0,0",1.1413,"0,0",2.5374e+02,2.1255,"0,50",1.4618e-01,0.178,262.0162,0.02,0.0808,0.08,7.45,0.0025,0.0,6.9096e+03,"0,1",6.8908,34.50958,259.9,"0,1",6.1413e+01,"0,01","0,0",3.1647e-01,0.0,2.92,1.4187e+01
66,7.598,"0,27",431.12032,"5,1296",7.4069e+01,"0,003","12,2",3.603,7.9741e+00,"7866,35",2.6929e-02,5.09918,"7,3",1.1334,"85,5832",,0.56788,0.00847,0.1093,7.22,0.002,0.0,1.54241,40.45,3.2,4.1,3.22,2.8529e+01,"0,44",4.57,228.3906,"0,477",0.0,40.957,"12,529","0,0",17.79,1637.38,"473,972",0.0,1.7690e+00,16.16,2.7567e+01,0.02,8.0204e-02,"0,19",8.8096e-01,"0,0019","1,3378",0.5885
67,"7,3004",488.14362,322.7634,13.1859,5.1821e+01,"0,0",0.158,1.53,7.09,"3,7511","114,595","62,3450",4.6562e+01,1.0595e+00,0.64,1.3572e+01,0.617,0.0010,"6,2708",0.9,6.4617e-01,"0,01",2.077,56.382,2.218,106.8914,"61,4","35,8",7.446,229.88,3.12,0.0557,0.0,2.2008e-01,234.530,88.90033,"2147,257",1083.6,0.047,"14,43","1944,722",1.0332e+00,2.1837e+02,1.4737,2.64,1.2057e-01,0.06499,5.60,6.2399e-02,0.030
68,6.6447,3.72830,2.8199e+03,20.5,"45,7049",1.7950e-03,1.2867e+01,1.0794e+01,"77,8140",119.6,3.7471e+02,"0,1",41.9,6.1971e+00,297.6,0.409,0.159,"0,010",0.046,"7,5",0.1,0.0149,6.22,2.7309e+00,2.78,3.1401,47.7,3.657,"0,1",269.3711,1.87332,"3,9741",0.0,"0,36",0.63096,217.0,0.005,169.5699,0.0,15.90,0.0,19.5,1.9281,"4,730",50.5,1925.3249,2.99,1333.99368,"0,0399",10.6165
69,6.20,"0,224",4.9657e+03,1.3402e+01,152.15,0.5,116.14,492.6844,3.6,"0,00",0.7557,"0,009",0.58,12.05814,79.3,0.3674,0.010,0.2633,"0,0","0,1",0.10773,0.5727,2.0,"1,31",3.25,4.6998e+01,1.4620e+01,"74,79",43.289,142.195,"292,570",0.46184,6.2968e-03,1.4,66.2462,7.3563,"4,12",0.24,5.7933e+02,116.71,0.02,6.4518e+02,6.0651e+00,0.485,87.7715,6.2167e-02,"2,59","441,7",6.0183,0.011
70,7.3643e+00,3.1334e+01,6.7397e+02,15.23834,"188,9215","0,0",0.90,"73,2277","40,19",9.8594e+01,8.4531e-02,0.01382,2.9222e+01,62.8,"0,4607",0.44993,0.5,"0,3",0.58,0.021,3.7358e-04,6.0258e-02,67.5,3.5426e+00,0.17,146.8,6.5104e+00,40.533,24.68053,"49,487",81.1,1.3124e+01,1.0584e-04,"54,98","28,089",0.0300,"0,0131",1.6142e+00,0.6364,2.4971e+00,0.002,1337.70,1814.23158,222.70,0.0095,0.0,3.88142,"1895,1","0,028",0.414
71,6.8596e+00,"93,10","4914,9",1.7,1.8050e+02,0.114,557.1411,1.7991e+01,"89,097",0.00302,2.2231e-01,3.0850e-03,"256,2246",2.8244e+02,142.41225,18.8213,2.0644e-02,0.00,1.7660e-02,"0,371","0,0572",1.7681e-01,6.39273,0.05667,0.03,0.062,"170,2",1.8962e+02,1.2382e+00,6.1413e+01,1.4,89.71449,1.6099e-01,0.48668,2.49166,0.0,5.307,0.02638,8.3916e+01,1.6089e-01,6.01,"8,61",3.4951,5.3322e+00,"39,26",0.5,0.018,0.06199,0.05767,9.8944e+00
72,8.41141,0.3,"369,2236","20,468",3.7375e+01,"0,11",0.0,2.0732e+01,1.5,3.45,0.1397,1.0098e+03,0.720,"18,0228","4,963",1.4775e+01,1.3313e+00,0.29,0.4,1.52,"0,00",0.0,3.4530e+00,929.723,0.2454,10.060,1.6099,29.3885,1.0,"0,8","244,175",126.1,"0,2172",0.03445,0.01,4.8269e-03,0.0327,1.1,1.30,0.00,3.3065e+00,0.03,125.9,"27,347",2.94,0.05930,4.8919e+01,"0,111","1,3",2.7710e-01
73,6.424,"12,9318","31,6",11.506,51.555,"0,0",7.4859e+01,5.9036e+00,135.94,"29338,319",9.97294,0.011,"5,489","247,2844",2.2854e+00,0.08292,0.08,0.1,0.418,0.02,1.6627e+00,0.001,4.51464,419.0013,5.6106e-02,5.13448,0.5,"17,79",1.0,179.0358,376.38155,3.6511e-01,"0,4958","0,72",0.00096,14.36685,2409.50929,0.001,4.58,0.000,7.6015e-03,21513.358,5.3873e+01,12.53,1.9131e+01,0.000,0.28960,3.8950e-02,"6,2",9.9766e+01
74,"8,308",2.9627e+00,1712.14627,7.24298,1.5788e+01,0.0047,0.102,23.88043,26.0274,"10250,053","3,7066",4.5691e+00,"0,6895","1,2727",1.0933e+01,2.9142e-01,1.2709e+01,0.004,8.7201e-04,"0,12",1.9639e-03,0.0002,1.6,"2,2",3.5172e-02,5.74,5.8168e-02,0.6,4.0172e+01,46.799,3.7663e+02,0.0003,"7,2187",3.0276e-04,53.8,2.4907e-02,2.6034e+03,35.4,8.2677e-01,1.1567e-01,"1144,2608",627.9,737.23,0.003,"0,001",0.1,7.6644e+03,295.4087,4.501,"2,0"
75,"7,8344",32.341,72.0,34.00,189.96,"0,8336",23.0557,5.6,4.446,2.6115e+04,"0,00",1.6901e+02,"45,817",73.8021,459.6031,6.93,0.18,0.00014,0.35,0.0362,0.14,"2,8",6.673,3.6,"0,01",8.0060e+00,0.7241,0.1,8.5582e+00,1.4907e+02,79.4838,0.38097,0.00,"0,0",2.7476e-03,12.94,2.2214e+02,1010.9008,"154,0",8.0842e-03,2.2141e+03,9302.5,0.6314,0.73415,0.1049,"0,8",978.52,33.2,1.1506e-01,54.3
76,8.6867,230.6811,70.33,2.7797e+01,"61,6103",4.2580e-03,1.2300e-02,8.3818e+00,9.758,2.4972e+03,"0,0",2.3212e+02,14.977,7.3086e+00,"6,7",2.0934e-01,1.6028e+00,0.0,0.0,0.2064,"0,6378",4.8,0.11213,4.46,0.0498,326.767,2.8,5.0097e+01,33.02,8.4020e+02,202.76180,1.617,1.0965e-02,0.0268,0.1264,0.00103,1.0148e-01,71.8,0.00123,172.5,6.23,9.2877e+00,"0,2",0.0823,0.000,68.10,395.2534,0.0024,0.33,10.13668
77,6.889,2.9567e+02,1620.8966,"39,4",59.3,1.59,0.35125,8.6685e+00,1.306,"0,0025",69.84,"2,2047",2.130,69.48818,0.8616,3.7422e-01,0.0152,1.1125e+00,"0,5098",0.1,4.6480e-03,0.00,2.7228e+00,"9,650",0.04,0.0422,0.3,"1,2",1.0776,17.661,1.9359e+00,97.784,"0,0111",0.93,11.92181,4.0628e-03,2686.5,2.98,0.604,0.02,"92,5272",0.0068,57.4402,8.4,0.0003,66.56369,"8,19",120.1,"0,995",0.7
78,7.2530,0.269,"450,7312",37.570,1.3574e+02,1.7930e-03,0.12,30.64,8.4682,"2619,3904",504.30937,29.3,5.5,5.8346e+00,2.4639e-01,7.7431e+00,0.33753,0.02257,1.9431,0.01104,6.5157e-03,1.9908e-02,2.9542,303.3238,"0,00","13,532",0.0564,4.3450e+02,2.8074e+01,0.18712,253.702,0.0508,0.03,"0,3",227.78,"317,60","2315,54",3.4806e+02,59.98282,2.143,6.0687e+02,6.6703e-01,3.2050e-01,9.6459e+00,15.6,3.5162e+02,27.498,1.20,0.30,43.9108
79,7.3,"2,52",2949.31710,10.4,170.40034,3.9606e-02,1.0833e+00,"6,80",2.0825e+01,0.319,0.00,"0,0968",0.5208,8.6112e+02,373.5,0.266,4.95,1.3577e-03,0.15388,1.4922e+01,"0,4",0.0,2.3322e+00,0.18,"0,49",2.9283e-02,0.76,4.1,0.884,9.9354,"469,57",4.6794e-04,2.0116,0.00027,0.0042,21.79444,23.32081,"0,00","1,8",2.40054,0.63266,19535.68265,2.0473e-03,"0,01",1.9986e-04,"0,118","1,0","169,216",0.3084,"0,03"
80,6.0711e+00,"122,6",4272.2896,5.8507,"53,980",7.3561e-01,2.9444e+02,13.6,1.3076,2.0100e-03,10.41475,"0,7388","0,6","56,2",0.110,0.5,0.1,1.0060e-04,1.1111,"1,184",16.389,3.1289e-01,0.0698,134.4,0.1,6.8801e+00,1.9422e-01,1.9404,7.6826e-02,56.82298,417.0,0.1,"0,000",0.0003,1.4154e-01,0.31,1.2034e-03,63.1298,6.50005,74.8460,"2,0368","0,035","607,24",0.71,3.0034e+00,"7,97","100,7404","0,029","3,8889",1.2
