time,FLOW,SALT,TEMP
2010-01-01,3.8005818,0,-1.672928
2010-01-02,2.866044,0,-1.732137
2010-01-03,3.7474187999999997,0,-1.7863419999999999
2010-01-04,3.7002138,0,-1.8350309999999999
2010-01-05,4.735612199999999,0,-1.8781020000000002
2010-01-06,4.5579912,0,-1.913265
2010-01-07,3.9981707999999996,0,-1.942225
2010-01-08,3.7507734,0,-1.9759769999999999
2010-01-09,3.6432635999999996,0,-1.9982419999999999
2010-01-10,4.3864332,0,-2.015977
2010-01-11,4.282730399999999,0,-2.029328
2010-01-12,4.1835672,0,-2.038507
2010-01-13,4.0849128,0,-2.043545
2010-01-14,3.9880782,0,-2.044614
2010-01-15,3.8931053999999996,0,-2.041971
2010-01-16,3.8066579999999997,0,-2.03586
2010-01-17,3.7226868,0,-2.026091
2010-01-18,3.6411887999999997,0,-2.012772
2010-01-19,3.5620529999999997,0,-1.9960010000000001
2010-01-20,3.4884564,0,-1.975894
2010-01-21,3.4247555999999997,0,-1.952506
2010-01-22,3.3646044,0,-1.9260199999999998
2010-01-23,3.7011684,0,-1.938437
2010-01-24,4.5223404,0,-2.0982250000000002
2010-01-25,4.2610884,0,-2.0568
2010-01-26,4.2298788,0,-2.023325
2010-01-27,4.254746399999999,0,-1.999271
2010-01-28,4.270130399999999,0,-1.971143
2010-01-29,4.2472296,0,-1.933476
2010-01-30,4.209981,0,-1.890342
2010-01-31,4.1706096,0,-1.844275
2010-02-01,4.0558667999999996,0,-1.79242
2010-02-02,4.1177502,0,-1.7410299999999999
2010-02-03,4.1308878,0,-1.685428
2010-02-04,4.0748766,0,-1.621923
2010-02-05,4.0272048,0,-1.553569
2010-02-06,3.9776567999999997,0,-1.479859
2010-02-07,3.8846352,0,-1.400078
2010-02-08,3.7643862,0,-1.313757
2010-02-09,3.7774493999999996,0,-1.224013
2010-02-10,3.865596,0,-1.138365
2010-02-11,3.7860714,0,-1.041268
2010-02-12,3.7118472,0,-0.940331
2010-02-13,3.6538505999999997,0,-0.835812
2010-02-14,3.5881776,0,-0.727303
2010-02-15,3.48123,0,-0.613596
2010-02-16,3.4867554,0,-0.5003150000000001
2010-02-17,3.4187705999999998,0,-0.381321
2010-02-18,3.3690485999999997,0,-0.259609
2010-02-19,3.2545794000000003,0,-0.13235600000000003
2010-02-20,3.2433,0,-0.004597999999999991
2010-02-21,3.1942967999999996,0,0.12494500000000008
2010-02-22,3.1671527999999998,0,0.25451599999999996
2010-02-23,3.1861656,0,0.389918
2010-02-24,3.1377126,0,0.5288470000000001
2010-02-25,3.1144013999999998,0,0.670177
2010-02-26,3.0666786,0,0.8154920000000001
2010-02-27,3.0198167999999996,0,0.963543
2010-02-28,2.9765219999999997,0,1.1141670000000001
2010-03-01,2.9476451999999997,0,1.2671510000000001
2010-03-02,2.9007222,0,1.423864
2010-03-03,2.8693253999999997,0,1.58203
2010-03-04,2.8921799999999998,0,1.7339829999999998
2010-03-05,2.9373978,0,1.8769680000000002
2010-03-06,3.0018564,0,2.014775
2010-03-07,3.3808602,0,2.108024
2010-03-08,4.579558199999999,0,2.095974
2010-03-09,5.8280064,0,2.052539
2010-03-10,6.138776999999999,0,2.149883
2010-03-11,6.7732032,0,2.287571
2010-03-12,7.1516784,0,2.416227
2010-03-13,7.358932799999999,0,2.556941
2010-03-14,7.5544578,0,2.701335
2010-03-15,7.655907,0,2.85712
2010-03-16,7.6577687999999995,0,3.0270339999999996
2010-03-17,7.571301,0,3.2103390000000003
2010-03-18,7.421849999999999,0,3.405082
2010-03-19,7.305207599999999,0,3.6046760000000004
2010-03-20,7.3284503999999995,0,3.802054
2010-03-21,7.1265282,0,4.01973
2010-03-22,6.8954873999999995,0,4.241393
2010-03-23,6.650310599999999,0,4.467157
2010-03-24,6.3873684,0,4.697042
2010-03-25,6.114032999999999,0,4.930263
2010-03-26,5.886686999999999,0,5.165412
2010-03-27,5.666747399999999,0,5.402757
2010-03-28,5.4801708,0,5.642009
2010-03-29,5.2667598,0,5.883859
2010-03-30,5.0679324,0,6.127443
2010-03-31,4.8544272,0,6.373305
2010-04-01,4.6457118,0,6.620661
2010-04-02,4.440912,0,6.866428
2010-04-03,4.3408986,0,7.1047899999999995
2010-04-04,4.160291399999999,0,7.355582999999999
2010-04-05,4.1963976,0,7.5860140000000005
2010-04-06,6.0421542,0,7.588414
2010-04-07,6.998337599999999,0,7.732138000000001
2010-04-08,7.612207199999999,0,7.9128240000000005
2010-04-09,7.8465348,0,8.118307
2010-04-10,7.9213086,0,8.326341
2010-04-11,7.9088382,0,8.539915
2010-04-12,7.845937199999999,0,8.753038
2010-04-13,7.7206182,0,8.97044
2010-04-14,7.7446326,0,9.199077
2010-04-15,5.671106399999999,0,9.435175
2010-04-16,4.7004942,0,9.677032
2010-04-17,5.480299799999999,0,9.926631
2010-04-18,5.3386086,0,10.180989
2010-04-19,5.1790458,0,10.438396
2010-04-20,5.8697244,0,10.698495
2010-04-21,5.6590146,0,10.961515
2010-04-22,5.6778894,0,11.225259
2010-04-23,5.4837612,0,11.484541
2010-04-24,5.835189,0,11.686244
2010-04-25,6.5723334,0,11.848196
2010-04-26,6.350753399999999,0,12.121805
2010-04-27,6.133946399999999,0,12.376994
2010-04-28,5.960230800000001,0,12.625783
2010-04-29,5.7633162,0,12.875855
2010-04-30,6.1040160000000006,0,13.069549
2010-05-01,6.211220399999999,0,13.282546
2010-05-02,5.943394199999999,0,13.537256
2010-05-03,5.8568988,0,13.777297
2010-05-04,4.2067704,0,14.016235
2010-05-05,5.6234112,0,14.247543
2010-05-06,5.4017333999999995,0,14.492349
2010-05-07,5.164716599999999,0,14.675253
2010-05-08,5.7541692,0,14.90046
2010-05-09,5.6466678,0,15.143418
2010-05-10,5.578612199999999,0,15.373681000000001
2010-05-11,6.47397,0,15.498301000000001
2010-05-12,7.0868154,0,15.685965
2010-05-13,8.793070799999999,0,15.765806000000001
2010-05-14,8.7583392,0,15.983065
2010-05-15,7.789085999999999,0,16.184615
2010-05-16,8.3363274,0,16.388121
2010-05-17,6.748443,0,16.594216
2010-05-18,6.755448,0,16.804303
2010-05-19,8.4055368,0,17.020248
2010-05-20,7.4175828,0,17.238343
2010-05-21,6.710704799999999,0,17.436544
2010-05-22,7.465965599999999,0,17.665596
2010-05-23,7.542605399999999,0,17.896872
2010-05-24,7.1589126,0,18.127908
2010-05-25,6.9729618,0,18.342337
2010-05-26,5.9920332,0,18.511668
2010-05-27,4.204461,0,18.720939
2010-05-28,4.820307,0,18.956154
2010-05-29,5.3875374,0,19.179647
2010-05-30,3.2152115999999995,0,19.399771
2010-05-31,4.7604054,0,19.617256
2010-06-01,5.4249768,0,19.834193
2010-06-02,5.347741200000001,0,20.021402
2010-06-03,5.2553339999999995,0,20.205168
2010-06-04,5.463517799999999,0,20.357612
2010-06-05,5.9748396,0,20.479113
2010-06-06,6.4722618,0,20.607503
2010-06-07,6.3597714000000005,0,20.795766
2010-06-08,6.0788112,0,20.882411
2010-06-09,7.0745562,0,21.038318
2010-06-10,7.006617599999999,0,21.197111
2010-06-11,7.181605199999999,0,21.311754
2010-06-12,6.9521358,0,21.468622
2010-06-13,6.798863399999999,0,21.617774
2010-06-14,6.8383031999999995,0,21.749003
2010-06-15,7.5877482,0,21.81725
2010-06-16,7.9370232,0,21.946703
2010-06-17,7.6478988,0,22.087053
2010-06-18,5.897927999999999,0,22.199774
2010-06-19,7.632212999999999,0,22.341961
2010-06-20,7.3179672,0,22.483491
2010-06-21,8.5663344,0,22.541276
2010-06-22,9.6430326,0,22.595269
2010-06-23,11.268092399999999,0,22.608468
2010-06-24,11.244408,0,22.707769
2010-06-25,11.598002399999999,0,22.790453
2010-06-26,12.762027,0,22.836055
2010-06-27,11.3941626,0,22.884562
2010-06-28,11.806473599999999,0,22.973165
2010-06-29,9.740148,0,23.548918
2010-06-30,11.303934,0,23.152009
2010-07-01,11.249553,0,23.251185
2010-07-02,11.0485566,0,23.353558
2010-07-03,11.425527,0,23.458305
2010-07-04,10.832169,0,23.561698
2010-07-05,10.635306,0,23.646041
2010-07-06,10.131897,0,23.747781
2010-07-07,9.719021399999999,0,23.804661
2010-07-08,9.6032706,0,23.880059
2010-07-09,7.227402,0,23.98259
2010-07-10,8.473797,0,24.071563
2010-07-11,7.1413595999999995,0,24.149767
2010-07-12,5.7840456,0,24.223268
2010-07-13,7.4730612,0,24.300075
2010-07-14,8.169057,0,24.283657
2010-07-15,10.1394474,0,24.107864
2010-07-16,9.4995264,0,24.188043
2010-07-17,6.274339199999999,0,24.194538
2010-07-18,7.372831799999999,0,24.191466
2010-07-19,7.374191999999999,0,24.207969
2010-07-20,9.2354538,0,24.214991
2010-07-21,8.9459682,0,24.223596
2010-07-22,13.6569906,0,24.006143
2010-07-23,12.932478,0,24.277841
2010-07-24,15.525169799999999,0,24.097808
2010-07-25,16.2706944,0,24.022716
2010-07-26,16.39233,0,23.966252
2010-07-27,16.3289796,0,23.922769
2010-07-28,16.259811,0,23.883638
2010-07-29,15.447388799999999,0,23.895556
2010-07-30,14.8394148,0,23.907639
2010-07-31,14.1917268,0,23.932041
2010-08-01,13.1288568,0,23.977727
2010-08-02,12.052563600000001,0,24.033688
2010-08-03,14.650602,0,23.593168
2010-08-04,13.624023,0,23.589407
2010-08-05,12.6734016,0,23.582729
2010-08-06,11.7602922,0,23.572763
2010-08-07,11.028715199999999,0,23.555073
2010-08-08,12.8515014,0,23.391818
2010-08-09,12.9743592,0,23.325018
2010-08-10,12.231339,0,23.291781
2010-08-11,11.800084199999999,0,23.219861
2010-08-12,11.3526696,0,23.148395
2010-08-13,13.8378966,0,22.923322
2010-08-14,13.7743998,0,22.790242
2010-08-15,14.579995799999999,0,22.676208
2010-08-16,14.4759438,0,22.564037
2010-08-17,14.110596,0,22.459367
2010-08-18,13.713066,0,22.35356
2010-08-19,13.2921534,0,22.251355
2010-08-20,13.3588506,0,22.123344
2010-08-21,13.0627308,0,22.012866
2010-08-22,12.3995994,0,21.920902
2010-08-23,11.7578952,0,21.824569
2010-08-24,11.1202656,0,21.727245
2010-08-25,10.505450999999999,0,21.630582
2010-08-26,9.8739192,0,21.533874
2010-08-27,9.2687316,0,21.435606
2010-08-28,8.696729399999999,0,21.335303
2010-08-29,8.1189228,0,21.233099
2010-08-30,7.5876114,0,21.128017
2010-08-31,8.1644838,0,20.924721
2010-09-01,9.3083682,0,20.680856
2010-09-02,9.4994844,0,20.520449
2010-09-03,9.8677902,0,20.330596
2010-09-04,10.1451852,0,20.172574
2010-09-05,9.843350999999998,0,20.014057
2010-09-06,9.5425896,0,19.854016
2010-09-07,9.134052,0,19.694702
2010-09-08,8.7666504,0,19.533349
2010-09-09,8.375357399999999,0,19.371246
2010-09-10,8.0063184,0,19.209622
2010-09-11,8.0807016,0,19.016468
2010-09-12,7.7346978,0,18.858967
2010-09-13,7.3077144,0,18.701471
2010-09-14,6.8959896,0,18.540566
2010-09-15,6.4175754,0,18.37829
2010-09-16,6.2281949999999995,0,18.211196
2010-09-17,6.0370386,0,18.035268
2010-09-18,6.5731025999999995,0,17.780947
2010-09-19,6.251945999999999,0,17.619061
2010-09-20,6.014060999999999,0,17.447833
2010-09-21,5.7382356,0,17.272852
2010-09-22,5.499963,0,17.09237
2010-09-23,3.7777872,0,16.889532
2010-09-24,3.6624714,0,16.667309
2010-09-25,4.329491399999999,0,16.488657
2010-09-26,4.8930774,0,16.303066
2010-09-27,3.748407,0,16.114659
2010-09-28,3.4766255999999998,0,15.924651
2010-09-29,1.5453971999999998,0,15.732327000000002
2010-09-30,2.007867,0,15.539325999999999
2010-10-01,1.3759524,0,15.342307000000002
2010-10-02,1.5960114,0,15.143087000000001
2010-10-03,1.3719618,0,14.945796
2010-10-04,2.0527896,0,14.748916
2010-10-05,1.81062,0,14.552414
2010-10-06,1.0281846,0,14.356129
2010-10-07,1.3481405999999998,0,14.158378
2010-10-08,1.1067623999999998,0,13.961516
2010-10-09,0.8673546,0,13.765341
2010-10-10,0.8195148,0,13.56854
2010-10-11,0.7663608000000001,0,13.374018
2010-10-12,0.7280298000000001,0,13.173267
2010-10-13,0.6893598,0,12.972086
2010-10-14,0.6531834,0,12.771741
2010-10-15,0.619524,0,12.570589
2010-10-16,0.592146,0,12.367757
2010-10-17,0.564558,0,12.165877
2010-10-18,0.5326014,0,11.965623
2010-10-19,0.513198,0,11.758866
2010-10-20,0.4944756,0,11.552775
2010-10-21,1.8195552,0,11.350257
2010-10-22,1.9043526,0,11.140334
2010-10-23,2.0467086,0,10.811547
2010-10-24,2.7656442,0,10.246669
2010-10-25,2.811582,0,10.031615
2010-10-26,1.6208652000000001,0,9.548914
2010-10-27,1.672143,0,9.334205
2010-10-28,1.72476,0,9.097895
2010-10-29,1.9392173999999998,0,8.860284
2010-10-30,2.0934882,0,8.628422
2010-10-31,2.1849516,0,8.395936
2010-11-01,2.2211238,0,8.160459
2010-11-02,2.2193916,0,7.924924000000001
2010-11-03,1.7442905999999998,0,7.6943470000000005
2010-11-04,1.7353056,0,7.470701999999999
2010-11-05,1.7170554,0,7.252751
2010-11-06,1.6782678,0,7.042308
2010-11-07,2.1022277999999996,0,6.837691
2010-11-08,1.5686904,0,6.638256
2010-11-09,1.9789613999999998,0,6.442954
2010-11-10,1.9080936,0,6.250424
2010-11-11,1.8421902,0,6.060792
2010-11-12,2.7859002,0,5.84725
2010-11-13,1.5174054,0,5.595348
2010-11-14,1.479603,0,5.408022
2010-11-15,2.8615733999999997,0,5.226376
2010-11-16,1.3845876,0,5.039593
2010-11-17,1.3745459999999998,0,4.843332
2010-11-18,1.8768846,0,4.658926
2010-11-19,1.2989442,0,4.479887
2010-11-20,3.0113106,0,4.302802
2010-11-21,1.8396318,0,4.124055
2010-11-22,1.2366263999999998,0,3.927022
2010-11-23,3.0085794,0,3.7426180000000002
2010-11-24,1.2859212,0,3.536137
2010-11-25,1.398453,0,3.316642
2010-11-26,1.3634754,0,3.152318
2010-11-27,1.9060326,0,2.98224
2010-11-28,3.1347905999999996,0,2.812571
2010-11-29,1.3370081999999999,0,2.636734
2010-11-30,1.3886784,0,2.447509
2010-12-01,1.3684349999999998,0,2.28636
2010-12-02,2.840808,0,2.12777
2010-12-03,2.2389462,0,1.979791
2010-12-04,1.2572592,0,1.825212
2010-12-05,1.2964643999999999,0,1.6636790000000001
2010-12-06,1.2757998,0,1.516585
2010-12-07,2.1338472,0,1.3736540000000002
2010-12-08,2.0899674,0,1.233796
2010-12-09,2.9436324,0,1.1009000000000002
2010-12-10,2.9868864,0,0.964475
2010-12-11,3.5718648,0,0.728469
2010-12-12,3.7787406,0,0.5083470000000001
2010-12-13,3.702933,0,0.3868830000000001
2010-12-14,3.707259,0,0.25317999999999996
2010-12-15,2.3740488,0,0.12117399999999989
2010-12-16,2.426658,0,-0.0037639999999999896
2010-12-17,2.464566,0,-0.12086200000000002
2010-12-18,2.4986208,0,-0.23262799999999995
2010-12-19,3.6271079999999998,0,-0.34149399999999996
2010-12-20,3.5014673999999997,0,-0.441153
2010-12-21,2.6796054,0,-0.549404
2010-12-22,3.586731,0,-0.6475489999999999
2010-12-23,3.5240016,0,-0.740192
2010-12-24,3.4246871999999997,0,-0.825215
2010-12-25,2.6283378,0,-0.9130240000000001
2010-12-26,3.4339464,0,-0.991948
2010-12-27,2.5289712,0,-1.066275
2010-12-28,3.3251237999999996,0,-1.13641
2010-12-29,3.3318942,0,-1.204169
2010-12-30,3.6732107999999997,0,-1.321273
2010-12-31,3.7934886,0,-1.434418
2011-01-01,3.6416898,0,-1.508688
2011-01-02,3.5970372,0,-1.564689
2011-01-03,3.5720616,0,-1.621168
2011-01-04,3.5645526000000003,0,-1.674401
2011-01-05,3.5261862,0,-1.720566
2011-01-06,3.508647,0,-1.7614779999999999
2011-01-07,3.3386736,0,-1.796999
2011-01-08,3.4255446,0,-1.829013
2011-01-09,3.3831306,0,-1.857379
2011-01-10,3.2789778,0,-1.879653
2011-01-11,3.2666334,0,-1.9006509999999999
2011-01-12,3.3104364,0,-1.921357
2011-01-13,3.262857,0,-1.934753
2011-01-14,3.1531872,0,-1.941186
2011-01-15,3.2034954,0,-1.949811
2011-01-16,3.1393044,0,-1.951164
2011-01-17,3.0491195999999996,0,-1.946761
2011-01-18,3.2106588,0,-1.9575529999999999
2011-01-19,3.155217,0,-1.946521
2011-01-20,3.1092822,0,-1.932898
2011-01-21,3.0508644,0,-1.915289
2011-01-22,3.0343427999999997,0,-1.8956140000000001
2011-01-23,2.9932938,0,-1.871326
2011-01-24,2.9600874,0,-1.843364
2011-01-25,2.91864,0,-1.811139
2011-01-26,2.8340963999999995,0,-1.773993
2011-01-27,2.8259466,0,-1.7334770000000002
2011-01-28,2.8368689999999996,0,-1.69431
2011-01-29,2.8026318,0,-1.648199
2011-01-30,2.7784956,0,-1.599015
2011-01-31,2.6039178,0,-1.5316260000000002
2011-02-01,2.5648223999999997,0,-1.466369
2011-02-02,2.9009568,0,-1.432018
2011-02-03,2.8641845999999997,0,-1.371257
2011-02-04,2.8185738,0,-1.304814
2011-02-05,2.7158748,0,-1.233326
2011-02-06,2.7138036,0,-1.156515
2011-02-07,2.7279198,0,-1.085195
2011-02-08,2.7080363999999997,0,-1.006545
2011-02-09,2.6752656,0,-0.9238
2011-02-10,2.6488734,0,-0.838083
2011-02-11,2.6185806,0,-0.748823
2011-02-12,2.5648182,0,-0.65723
2011-02-13,2.7902388,0,-0.5846819999999999
2011-02-14,2.8230744,0,-0.54329
2011-02-15,2.9057003999999997,0,-0.45815300000000003
2011-02-16,3.1693572,0,-0.403239
2011-02-17,5.403372,0,-0.592653
2011-02-18,4.9117974,0,-0.582028
2011-02-19,4.9627973999999995,0,-0.458461
2011-02-20,5.5952814,0,-0.412145
2011-02-21,4.7773242,0,-0.33474099999999996
2011-02-22,5.2197528,0,-0.23360899999999996
2011-02-23,4.678008,0,-0.13274399999999997
2011-02-24,5.8831986,0,-0.022865000000000024
2011-02-25,6.1470528,0,0.09731800000000002
2011-02-26,5.5134875999999995,0,0.22699500000000006
2011-02-27,4.648141799999999,0,0.3649199999999999
2011-02-28,6.1992858,0,0.512872
2011-03-01,5.603418,0,0.661834
2011-03-02,6.027140999999999,0,0.822791
2011-03-03,6.514238399999999,0,0.9630129999999999
2011-03-04,6.4132428,0,1.04638
2011-03-05,6.7105704,0,1.216358
2011-03-06,6.898177799999999,0,1.39099
2011-03-07,6.9907638,0,1.5528330000000001
2011-03-08,6.979125000000001,0,1.7258360000000001
2011-03-09,7.5379764,0,1.862631
2011-03-10,7.4360022,0,2.040863
2011-03-11,7.3898795999999995,0,2.218441
2011-03-12,7.350161399999999,0,2.394844
2011-03-13,7.3157418,0,2.57396
2011-03-14,7.2404958,0,2.758198
2011-03-15,7.1325858,0,2.94814
2011-03-16,6.9859728,0,3.1446810000000003
2011-03-17,6.786849599999999,0,3.347633
2011-03-18,6.5764434,0,3.5552799999999998
2011-03-19,6.4162104,0,3.765662
2011-03-20,8.073239999999998,0,3.8514220000000003
2011-03-21,8.0726154,0,4.041884
2011-03-22,9.549954,0,4.154563
2011-03-23,10.320993,0,4.307885
2011-03-24,10.5441582,0,4.496005
2011-03-25,10.7365014,0,4.681692
2011-03-26,10.8104106,0,4.873621
2011-03-27,10.7871432,0,5.072832
2011-03-28,10.683633,0,5.280852
2011-03-29,10.4998368,0,5.498405
2011-03-30,10.259324999999999,0,5.724624
2011-03-31,9.9283536,0,5.958536
2011-04-01,10.376109,0,6.158857
2011-04-02,10.235931599999999,0,6.39057
2011-04-03,10.3167906,0,6.610457
2011-04-04,9.6764868,0,6.819611
2011-04-05,10.195105199999999,0,7.0543949999999995
2011-04-06,10.1082084,0,7.283065000000001
2011-04-07,9.804032399999999,0,7.525748999999999
2011-04-08,9.5082258,0,7.7685580000000005
2011-04-09,9.2299014,0,8.013409
2011-04-10,7.0371708,0,8.256956
2011-04-11,8.631065999999999,0,8.502819
2011-04-12,6.5002986,0,8.754942
2011-04-13,7.965743999999999,0,9.007833
2011-04-14,7.6537824,0,9.260687
2011-04-15,7.7899997999999995,0,9.488905
2011-04-16,7.8348846000000005,0,9.72117
2011-04-17,7.6012674,0,9.977228
2011-04-18,7.3570674,0,10.230257
2011-04-19,8.600256,0,10.387387
2011-04-20,8.7713466,0,10.601379
2011-04-21,8.671137,0,10.843728
2011-04-22,8.9408034,0,11.059502
2011-04-23,9.2344602,0,11.271516
2011-04-24,9.0328278,0,11.510175
2011-04-25,9.068127,0,11.735719
2011-04-26,10.670470199999999,0,11.871739
2011-04-27,10.578674399999999,0,12.096533
2011-04-28,8.862098399999999,0,12.314268
2011-04-29,10.726777199999999,0,12.538258
2011-04-30,9.941047199999998,0,12.770643
2011-05-01,9.880809000000001,0,13.005771
2011-05-02,9.770847,0,13.246288
2011-05-03,8.792755199999998,0,13.489188
2011-05-04,9.4673454,0,13.735608
2011-05-05,9.149487,0,13.981975
2011-05-06,8.9105142,0,14.232401
2011-05-07,8.5161546,0,14.486298
2011-05-08,8.17281,0,14.740657
2011-05-09,8.083065,0,14.965409
2011-05-10,7.7647068,0,15.219926000000001
2011-05-11,7.7558406,0,15.450508
2011-05-12,7.6968060000000005,0,15.677264000000001
2011-05-13,7.4249196,0,15.912727
2011-05-14,6.584736599999999,0,16.147685
2011-05-15,7.1059643999999995,0,16.381402
2011-05-16,6.8180016,0,16.621356
2011-05-17,6.520786800000001,0,16.859909
2011-05-18,6.2586828,0,17.090039
2011-05-19,6.1194396,0,17.320171
2011-05-20,5.8556418,0,17.553934
2011-05-21,5.5916172,0,17.780703
2011-05-22,5.4706446,0,18.001089
2011-05-23,5.1939882,0,18.226084
2011-05-24,4.993124399999999,0,18.449894
2011-05-25,6.3112866,0,18.478021
2011-05-26,5.965848,0,18.700513
2011-05-27,5.952327,0,18.912334
2011-05-28,5.9231058,0,19.097196
2011-05-29,5.9123832,0,19.282918
2011-05-30,5.875883999999999,0,19.477818
2011-05-31,2.6481660000000002,0,19.67659
2011-06-01,5.1174138000000005,0,19.870003
2011-06-02,5.1890268,0,20.060668
2011-06-03,5.0649755999999995,0,20.24983
2011-06-04,4.8812016,0,20.442015
2011-06-05,4.662471,0,20.633522
2011-06-06,4.5346182,0,20.809641
2011-06-07,4.320183,0,21.002382
2011-06-08,4.4660405999999995,0,21.14707
2011-06-09,4.8025595999999995,0,21.258611
2011-06-10,4.8952686,0,21.409868
2011-06-11,3.8931438,0,21.570024
2011-06-12,3.7893744,0,21.740004
2011-06-13,4.5263994,0,21.9097
2011-06-14,4.3357788,0,22.076961
2011-06-15,4.55853,0,22.163081
2011-06-16,4.4295054,0,22.312314
2011-06-17,4.3383552,0,22.478946
2011-06-18,4.2082134,0,22.626094
2011-06-19,4.7089494,0,22.649188
2011-06-20,4.530643199999999,0,22.808902
2011-06-21,4.8286128,0,22.884089
2011-06-22,5.0636849999999995,0,22.945638
2011-06-23,4.7392668,0,23.041145
2011-06-24,4.639848,0,23.152888
2011-06-25,5.0705748,0,23.263625
2011-06-26,4.456805999999999,0,23.373513
2011-06-27,4.4324916,0,23.480949
2011-06-28,3.3408048,0,23.5871
2011-06-29,4.4733263999999995,0,23.695318
2011-06-30,4.291398,0,23.801318
2011-07-01,3.8594147999999997,0,23.894765
2011-07-02,3.6285138,0,23.995456
2011-07-03,3.4158372,0,24.099624
2011-07-04,3.1892219999999996,0,24.200816
2011-07-05,2.0891316,0,24.27678
2011-07-06,2.8818894,0,24.347377
2011-07-07,1.8176453999999997,0,24.445123
2011-07-08,2.5234608,0,24.536546
2011-07-09,3.0094542,0,24.625381
2011-07-10,2.9407884,0,24.66615
2011-07-11,1.3535351999999998,0,24.691063
2011-07-12,1.3204938000000002,0,24.753245
2011-07-13,2.1141077999999998,0,24.82774
2011-07-14,2.7010902,0,24.892826
2011-07-15,2.5418825999999997,0,24.951574
2011-07-16,2.5372296000000003,0,24.987711
2011-07-17,2.4226566,0,25.042158
2011-07-18,1.3425054,0,25.090344
2011-07-19,2.0324568,0,25.137406
2011-07-20,0.8619762000000001,0,25.177451
2011-07-21,1.930965,0,25.228139
2011-07-22,0.7157934,0,25.232579
2011-07-23,0.7041270000000001,0,25.230925
2011-07-24,0.6901697999999999,0,25.233179
2011-07-25,1.7786574,0,25.248367
2011-07-26,1.6564038,0,25.274957
2011-07-27,1.7822825999999998,0,25.162354
2011-07-28,1.4710626,0,25.001642
2011-07-29,1.3388634,0,24.996458
2011-07-30,1.2029561999999998,0,25.018521
2011-07-31,0.7158251999999999,0,25.023184
2011-08-01,0.9458532,0,25.018109
2011-08-02,0.619083,0,25.007487
2011-08-03,0.5765868,0,24.993287
2011-08-04,0.5315466,0,24.979989
2011-08-05,1.2704046,0,24.962682
2011-08-06,1.2770675999999999,0,24.920666
2011-08-07,0.6355523999999999,0,24.683945
2011-08-08,0.6094403999999999,0,24.617072
2011-08-09,0.6013116,0,24.57151
2011-08-10,0.5428722,0,24.55791
2011-08-11,1.2731478,0,24.530318
2011-08-12,1.2439002000000001,0,24.426144
2011-08-13,0.6105858000000001,0,24.201842
2011-08-14,0.6785861999999999,0,24.060021
2011-08-15,0.6170262000000001,0,24.023451
2011-08-16,0.559071,0,23.974915
2011-08-17,0.5238581999999999,0,23.899522
2011-08-18,1.198236,0,23.808641
2011-08-19,0.46813799999999994,0,23.728366
2011-08-20,0.5027058,0,23.548451
2011-08-21,1.1877912,0,23.405694
2011-08-22,1.1016755999999999,0,23.339109
2011-08-23,0.6191136,0,23.042939
2011-08-24,0.7036745999999999,0,22.858953
2011-08-25,0.6204348,0,22.803535
2011-08-26,0.5598534,0,22.723334
2011-08-27,0.5182374,0,22.623234
2011-08-28,0.48729,0,22.511767
2011-08-29,1.0521102,0,22.396499
2011-08-30,0.4336944,0,22.267943
2011-08-31,1.0570812,0,22.053863
2011-09-01,1.0530294,0,21.93717
2011-09-02,0.4162974,0,21.823709
2011-09-03,0.6231462,0,21.391636
2011-09-04,0.679941,0,21.188722
2011-09-05,0.6077262,0,21.090228
2011-09-06,0.5597832,0,20.963313
2011-09-07,0.528705,0,20.819288
2011-09-08,0.5009286,0,20.670592
2011-09-09,1.001166,0,20.522371
2011-09-10,0.9581586,0,20.377041
2011-09-11,0.41258279999999997,0,20.234649
2011-09-12,0.38158319999999996,0,20.093185
2011-09-13,0.342972,0,19.958824
2011-09-14,0.31618979999999997,0,19.810621
2011-09-15,0.2986794,0,19.650928
2011-09-16,0.280326,0,19.497129
2011-09-17,0.640275,0,19.324489
2011-09-18,0.647637,0,19.095399
2011-09-19,0.3726768,0,18.708053
2011-09-20,0.36263819999999997,0,18.518377
2011-09-21,0.3242208,0,18.380926
2011-09-22,0.29941619999999997,0,18.220975
2011-09-23,0.2840424,0,18.043388
2011-09-24,0.6063168,0,17.856228
2011-09-25,0.6851088,0,17.594385
2011-09-26,1.1076294,0,16.776695
2011-09-27,1.3972787999999998,0,16.536187
2011-09-28,0.7407341999999999,0,16.418544
2011-09-29,0.7747763999999999,0,16.179811
2011-09-30,0.8731074,0,15.892865
2011-10-01,0.8425944,0,15.699206
2011-10-02,0.7962108,0,15.502828000000001
2011-10-03,1.1983788,0,15.301755
2011-10-04,0.7058538,0,15.094035000000002
2011-10-05,0.6740369999999999,0,14.881998
2011-10-06,1.1367,0,14.670351
2011-10-07,0.619485,0,14.457894
2011-10-08,0.5896488,0,14.250514
2011-10-09,1.0027385999999998,0,14.044306
2011-10-10,0.967728,0,13.836182
2011-10-11,0.9044951999999999,0,13.62978
2011-10-12,1.0088376,0,13.334196
2011-10-13,0.9201173999999999,0,12.84215
2011-10-14,0.8837064,0,12.650364
2011-10-15,0.806493,0,12.473726
2011-10-16,0.7682334,0,12.265415
2011-10-17,0.7402728000000001,0,12.052066
2011-10-18,0.7124718,0,11.837377
2011-10-19,0.6921797999999999,0,11.62024
2011-10-20,0.6651498,0,11.408802
2011-10-21,1.1417004,0,11.200892
2011-10-22,1.1104056,0,10.997216
2011-10-23,1.0746984,0,10.783379
2011-10-24,0.6064307999999999,0,10.525626
2011-10-25,0.5996598,0,10.302331
2011-10-26,0.5661155999999999,0,10.102922
2011-10-27,0.5450166,0,9.897886
2011-10-28,0.5231555999999999,0,9.693046
2011-10-29,0.5036088,0,9.488528
2011-10-30,0.49530179999999996,0,9.272361
2011-10-31,0.9691014,0,9.058324
2011-11-01,0.9554681999999999,0,8.861665
2011-11-02,0.6518238,0,8.45563
2011-11-03,0.8746422,0,8.070705
2011-11-04,0.7924062000000001,0,7.923138
2011-11-05,0.7436021999999999,0,7.739794
2011-11-06,1.358817,0,7.530293
2011-11-07,1.4140302,0,7.3020309999999995
2011-11-08,2.4618054,0,6.731514
2011-11-09,2.2132404,0,6.318802
2011-11-10,2.2581887999999997,0,6.115432
2011-11-11,2.3342262,0,5.889112
2011-11-12,2.374455,0,5.661017
2011-11-13,2.3491044,0,5.442754
2011-11-14,2.3367725999999998,0,5.224007
2011-11-15,2.3471021999999997,0,5.006825
2011-11-16,2.3309616,0,4.798493
2011-11-17,2.2861518,0,4.599277
2011-11-18,2.217603,0,4.408804
2011-11-19,2.1328416,0,4.2251
2011-11-20,2.0425248,0,4.047503
2011-11-21,1.9396182,0,3.8768279999999997
2011-11-22,1.8365952,0,3.7104369999999998
2011-11-23,1.7402436,0,3.547847
2011-11-24,1.6419444,0,3.3898919999999997
2011-11-25,1.5489972,0,3.235194
2011-11-26,1.6042632,0,3.0372969999999997
2011-11-27,1.6090134,0,2.861428
2011-11-28,1.5136104,0,2.717919
2011-11-29,1.4343978,0,2.571797
2011-11-30,1.3657098,0,2.426482
2011-12-01,1.614069,0,2.28387
2011-12-02,2.5785186,0,2.142165
2011-12-03,1.7267225999999998,0,1.890761
2011-12-04,1.7955467999999999,0,1.653296
2011-12-05,1.7005446,0,1.5323730000000002
2011-12-06,1.6630866,0,1.3924470000000002
2011-12-07,1.6533311999999998,0,1.24688
2011-12-08,1.6397747999999999,0,1.104127
2011-12-09,1.6010579999999999,0,0.969336
2011-12-10,1.5495750000000001,0,0.8397509999999999
2011-12-11,1.500858,0,0.7128779999999999
2011-12-12,3.0426894,0,0.588705
2011-12-13,3.0708936,0,0.45788000000000006
2011-12-14,1.8177012,0,0.21637799999999996
2011-12-15,1.8211734,0,0.0971979999999999
2011-12-16,1.7679102,0,-0.014013999999999971
2011-12-17,1.7533752,0,-0.13080499999999995
2011-12-18,1.7792664,0,-0.253513
2011-12-19,1.7498028,0,-0.361194
2011-12-20,1.9930518,0,-0.45842000000000005
2011-12-21,1.6500882000000001,0,-0.555949
2011-12-22,1.6339212,0,-0.656311
2011-12-23,1.5837449999999997,0,-0.7421139999999999
2011-12-24,1.5354222,0,-0.824736
2011-12-25,2.0354189999999996,0,-0.905886
2011-12-26,1.4645454,0,-0.985176
2011-12-27,1.4130078,0,-1.055169
2011-12-28,3.0955842,0,-1.120367
2011-12-29,2.9327339999999995,0,-1.181233
2011-12-30,3.0319553999999997,0,-1.246443
2011-12-31,1.3466148,0,-1.3362829999999999
2012-01-01,1.3831518,0,-1.418562
2012-01-02,3.1282745999999997,0,-1.461404
2012-01-03,2.9072088000000003,0,-1.504791
2012-01-04,3.0150912,0,-1.546526
2012-01-05,2.7998033999999996,0,-1.5966420000000001
2012-01-06,2.7699588,0,-1.633349
2012-01-07,1.7919450000000001,0,-1.657369
2012-01-08,2.6598858,0,-1.680405
2012-01-09,2.780814,0,-1.7015829999999998
2012-01-10,2.728476,0,-1.719584
2012-01-11,2.6768826000000003,0,-1.734307
2012-01-12,2.0342694,0,-1.729333
2012-01-13,1.7501753999999998,0,-1.755356
2012-01-14,2.6022803999999997,0,-1.761571
2012-01-15,2.5731863999999995,0,-1.763465
2012-01-16,2.504922,0,-1.76189
2012-01-17,1.7443584,0,-1.749746
2012-01-18,2.5053042,0,-1.752732
2012-01-19,2.4595032,0,-1.74111
2012-01-20,2.3194103999999998,0,-1.7110349999999999
2012-01-21,2.4557526,0,-1.709298
2012-01-22,2.3796228,0,-1.705632
2012-01-23,2.4527802,0,-1.792635
2012-01-24,2.4480144,0,-1.767284
2012-01-25,2.4117569999999997,0,-1.73403
2012-01-26,2.3613378,0,-1.703373
2012-01-27,2.5693224,0,-1.669231
2012-01-28,1.3811676,0,-1.632352
2012-01-29,2.5299414,0,-1.587681
2012-01-30,2.6084675999999996,0,-1.553895
2012-01-31,2.7665904,0,-1.6100379999999999
2012-02-01,2.9767968,0,-1.599465
2012-02-02,3.0590352,0,-1.5755029999999999
2012-02-03,2.9808785999999996,0,-1.533558
2012-02-04,3.0022439999999997,0,-1.467146
2012-02-05,3.0004584,0,-1.40063
2012-02-06,2.993973,0,-1.333082
2012-02-07,2.2183758,0,-1.260847
2012-02-08,2.9619108,0,-1.184827
2012-02-09,2.247108,0,-1.103796
2012-02-10,2.3363802,0,-1.018076
2012-02-11,2.8883928,0,-0.933602
2012-02-12,2.8688705999999997,0,-0.843085
2012-02-13,2.4084065999999997,0,-0.745752
2012-02-14,2.906898,0,-0.6585639999999999
2012-02-15,2.9728925999999998,0,-0.57426
2012-02-16,2.8974702,0,-0.468919
2012-02-17,2.2744926,0,-0.35465899999999995
2012-02-18,2.8291656,0,-0.238788
2012-02-19,2.7920892,0,-0.11773
2012-02-20,2.7363215999999997,0,0.007408999999999999
2012-02-21,2.7475614,0,0.12694500000000009
2012-02-22,2.7108347999999998,0,0.2575860000000001
2012-02-23,2.6660892,0,0.3866240000000001
2012-02-24,2.2068258,0,0.4992829999999999
2012-02-25,2.7379284,0,0.6443989999999999
2012-02-26,2.8672794,0,0.7641819999999999
2012-02-27,2.7612894,0,0.9048290000000001
2012-02-28,2.859825,0,1.0343779999999998
2012-02-29,3.3548531999999995,0,1.06812
2012-03-01,3.2742143999999995,0,1.225882
2012-03-02,3.6344856,0,1.318091
2012-03-03,3.7782389999999997,0,1.4324050000000002
2012-03-04,3.7376747999999997,0,1.592498
2012-03-05,3.7888014,0,1.7449279999999998
2012-03-06,3.9231426,0,1.8876270000000002
2012-03-07,4.035442199999999,0,2.027182
2012-03-08,4.3686929999999995,0,2.127859
2012-03-09,4.2572268,0,2.309675
2012-03-10,4.2368634,0,2.481208
2012-03-11,4.2489006,0,2.648722
2012-03-12,4.492647,0,2.785456
2012-03-13,4.4423058,0,2.972191
2012-03-14,4.3381506,0,3.163429
2012-03-15,4.243015799999999,0,3.355924
2012-03-16,4.1536092,0,3.553046
2012-03-17,4.079800799999999,0,3.751855
2012-03-18,3.9574457999999995,0,3.958743
2012-03-19,3.8938949999999997,0,4.15569
2012-03-20,3.9166823999999996,0,4.360459
2012-03-21,3.7768691999999997,0,4.581474
2012-03-22,3.7430934000000002,0,4.781315
2012-03-23,3.9506622,0,4.936133
2012-03-24,3.2041392,0,5.168739
2012-03-25,3.7560666,0,5.397705
2012-03-26,3.6124307999999994,0,5.621898
2012-03-27,3.6313284,0,5.843441
2012-03-28,3.4951133999999997,0,6.07504
2012-03-29,3.5113008,0,6.29223
2012-03-30,4.2050592,0,6.376496
2012-03-31,4.0359738,0,6.626255
2012-04-01,3.9531918,0,6.862032
2012-04-02,3.8545157999999997,0,7.089119999999999
2012-04-03,3.8217521999999997,0,7.314533000000001
2012-04-04,3.7450758,0,7.546799
2012-04-05,3.6248058,0,7.783289
2012-04-06,3.5454438,0,8.020135
2012-04-07,3.4539755999999997,0,8.259278
2012-04-08,1.865055,0,8.499612
2012-04-09,1.7591124,0,8.743845
2012-04-10,3.126741,0,8.987509
2012-04-11,2.5429902,0,9.229978
2012-04-12,3.0259121999999996,0,9.478556
2012-04-13,2.8815462000000003,0,9.730862
2012-04-14,2.9866254,0,9.951101
2012-04-15,3.3475829999999998,0,10.072711
2012-04-16,2.5116563999999997,0,10.337574
2012-04-17,3.1502814,0,10.592432
2012-04-18,3.0617351999999998,0,10.841343
2012-04-19,3.5716883999999998,0,10.962027
2012-04-20,3.9758226,0,11.109273
2012-04-21,3.8745725999999996,0,11.367406
2012-04-22,3.5149193999999997,0,11.602796
2012-04-23,3.8370761999999994,0,11.830764
2012-04-24,3.80505,0,12.063204
2012-04-25,2.0542182,0,12.270518
2012-04-26,3.6619728,0,12.505077
2012-04-27,3.7502177999999997,0,12.744593
2012-04-28,3.8071812,0,12.956583
2012-04-29,4.129023,0,13.151407
2012-04-30,4.4417598,0,13.328249
2012-05-01,4.3552086,0,13.572813
2012-05-02,3.9999515999999997,0,13.747017
2012-05-03,2.5147559999999998,0,13.987308
2012-05-04,4.7725374,0,14.198623
2012-05-05,4.71168,0,14.422498
2012-05-06,4.791381,0,14.551565
2012-05-07,4.0950468,0,14.767671
2012-05-08,3.2025912,0,14.995711
2012-05-09,3.2486256,0,15.217734
2012-05-10,4.1251008,0,15.443981999999998
2012-05-11,3.1501824,0,15.67662
2012-05-12,2.775537,0,15.909243
2012-05-13,3.0392886,0,16.142283
2012-05-14,2.5343231999999998,0,16.38031
2012-05-15,2.3973467999999998,0,16.61888
2012-05-16,2.2617012,0,16.857546
2012-05-17,2.1378228,0,17.096317
2012-05-18,3.2691084,0,17.337445
2012-05-19,2.1674748,0,17.580964
2012-05-20,2.0386152,0,17.823284
2012-05-21,1.6200078,0,18.062347
2012-05-22,1.507908,0,18.301864
2012-05-23,3.1051344,0,18.540561
2012-05-24,2.9613899999999997,0,18.77606
2012-05-25,2.8002024000000003,0,19.003047
2012-05-26,3.2667942,0,19.103611
2012-05-27,3.2073546,0,19.322798
2012-05-28,1.3640657999999999,0,19.537731
2012-05-29,3.1163909999999997,0,19.7195
2012-05-30,2.9854781999999997,0,19.923719
2012-05-31,2.3585946,0,20.033596
2012-06-01,1.457001,0,20.248486
2012-06-02,2.1470105999999998,0,20.465856
2012-06-03,2.0345562,0,20.672752
2012-06-04,2.754249,0,20.871351
2012-06-05,2.6800644,0,21.064752
2012-06-06,2.5784376,0,21.262346
2012-06-07,1.5424356,0,21.461158
2012-06-08,0.9260208,0,21.660198
2012-06-09,2.2100003999999998,0,21.857393
2012-06-10,1.9350912,0,22.054709
2012-06-11,0.7747247999999999,0,22.211324
2012-06-12,0.7378157999999999,0,22.389592
2012-06-13,1.6617618,0,22.574088
2012-06-14,1.7849562,0,22.751931
2012-06-15,1.6984872,0,22.934312
2012-06-16,0.5452116,0,23.119781
2012-06-17,1.0525415999999999,0,23.285737
2012-06-18,0.4830348,0,23.460642
2012-06-19,1.364559,0,23.634793
2012-06-20,0.4031106,0,23.812775
2012-06-21,0.3871974,0,23.953881
2012-06-22,0.5650386,0,24.101637
2012-06-23,0.3413292,0,24.257856
2012-06-24,0.3183582,0,24.40983
2012-06-25,0.295041,0,24.563036
2012-06-26,0.9448302,0,24.706652
2012-06-27,0.3304314,0,24.846637
2012-06-28,0.2421,0,25.008451
2012-06-29,0.2214498,0,25.163075
2012-06-30,0.2050464,0,25.312323
2012-07-01,0.18713699999999997,0,25.467335
2012-07-02,0.17331539999999998,0,25.618652
2012-07-03,0.1609188,0,25.764972
2012-07-04,0.153042,0,25.900888
2012-07-05,0.141282,0,26.048824
2012-07-06,0.132909,0,26.184141
2012-07-07,0.11664959999999999,0,26.353178
2012-07-08,0.10885199999999999,0,26.506966
2012-07-09,0.1028448,0,26.641842
2012-07-10,0.09889139999999999,0,26.766479
2012-07-11,0.098475,0,26.839741
2012-07-12,0.0984654,0,26.896515
2012-07-13,0.0890706,0,27.047896
2012-07-14,0.08803259999999999,0,27.115247
2012-07-15,0.0924294,0,27.104702
2012-07-16,0.2413416,0,27.125229
2012-07-17,0.2254812,0,27.106104
2012-07-18,0.0748956,0,27.386718
2012-07-19,0.1009074,0,27.178195
2012-07-20,0.1324446,0,26.857461
2012-07-21,0.1348962,0,26.787168
2012-07-22,0.3316362,0,26.74793
2012-07-23,0.125673,0,26.755321
2012-07-24,0.2778312,0,26.644106
2012-07-25,0.1872546,0,26.350551
2012-07-26,0.2308404,0,26.058272
2012-07-27,0.2511042,0,25.90272
2012-07-28,0.26283239999999997,0,25.816408
2012-07-29,0.2569326,0,25.779628
2012-07-30,0.2533188,0,25.742034
2012-07-31,0.2637888,0,25.672093
2012-08-01,0.25792919999999997,0,25.642799
2012-08-02,0.2423928,0,25.632941
2012-08-03,0.222906,0,25.634738
2012-08-04,0.2127546,0,25.605762
2012-08-05,0.2045814,0,25.567642
2012-08-06,0.18753119999999998,0,25.567274
2012-08-07,0.20338979999999998,0,25.584029
2012-08-08,0.1949922,0,25.547409
2012-08-09,0.1822872,0,25.37268
2012-08-10,0.1853232,0,25.264908
2012-08-11,0.17386439999999997,0,25.232389
2012-08-12,0.1637382,0,25.201504
2012-08-13,0.1571526,0,25.150535
2012-08-14,0.16620239999999997,0,25.122972
2012-08-15,0.1381926,0,25.089595
2012-08-16,0.1780416,0,24.783102
2012-08-17,0.1756374,0,24.688003
2012-08-18,0.2093442,0,24.60779
2012-08-19,0.16147799999999998,0,24.536181
2012-08-20,0.150678,0,24.472729
2012-08-21,0.1383636,0,24.425326
2012-08-22,0.1260294,0,24.389207
2012-08-23,0.11449799999999999,0,24.361709
2012-08-24,0.10404,0,24.344565
2012-08-25,0.094203,0,24.347465
2012-08-26,0.09601259999999999,0,24.186301
2012-08-27,0.089289,0,24.156051
2012-08-28,0.0823452,0,24.159672
2012-08-29,0.0768186,0,24.176381
2012-08-30,0.0718254,0,24.237227
2012-08-31,0.06776399999999999,0,24.346931
2012-09-01,0.0657378,0,24.455379
2012-09-02,0.0643902,0,24.698097
2012-09-03,0.0715092,0,25.187782
2012-09-04,0.0667266,0,23.856384
2012-09-05,0.0712224,0,23.292674
2012-09-06,0.0662286,0,23.603807
2012-09-07,0.06437459999999999,0,23.842797
2012-09-08,0.06486839999999999,0,23.493281
2012-09-09,0.06447359999999999,0,23.439036
2012-09-10,0.0633744,0,24.39314
2012-09-11,0.06322559999999999,0,23.458924
2012-09-12,0.06322799999999999,0,23.266938
2012-09-13,0.0632562,0,23.072617
2012-09-14,0.0632694,0,22.876021
2012-09-15,0.06327479999999999,0,22.677214
2012-09-16,0.06328139999999999,0,22.476258
2012-09-17,0.0632982,0,22.273217
2012-09-18,0.06331919999999999,0,22.068155
2012-09-19,0.063333,0,21.861138
2012-09-20,0.0711372,0,21.65223
2012-09-21,0.0633798,0,21.441498
2012-09-22,0.0634008,0,21.229006
2012-09-23,0.06341759999999999,0,21.014823
2012-09-24,0.0634272,0,20.799014
2012-09-25,0.0634332,0,20.581647
2012-09-26,0.0634452,0,20.36279
2012-09-27,0.0634602,0,20.142511
2012-09-28,0.0634734,0,19.920878
2012-09-29,0.06348179999999999,0,19.697959
2012-09-30,0.0634956,0,19.473824
2012-10-01,0.06351,0,19.248541
2012-10-02,0.06352319999999999,0,19.02218
2012-10-03,0.0635358,0,18.794809
2012-10-04,0.0635514,0,18.5665
2012-10-05,0.06357539999999999,0,18.33732
2012-10-06,0.0636048,0,18.107341
2012-10-07,0.0636306,0,17.876632
2012-10-08,0.0721632,0,17.645262
2012-10-09,0.063672,0,17.413302
2012-10-10,0.0636972,0,17.180822
2012-10-11,0.0757248,0,16.947892
2012-10-12,0.0916242,0,16.714581
2012-10-13,0.1445226,0,15.877103000000002
2012-10-14,0.14234999999999998,0,13.952948
2012-10-15,0.19569419999999998,0,14.208929
2012-10-16,0.1251756,0,14.253731
2012-10-17,0.2305818,0,13.688384
2012-10-18,0.2480826,0,13.394933
2012-10-19,0.13179359999999998,0,13.185478
2012-10-20,0.1778388,0,13.134344
2012-10-21,0.15555119999999997,0,12.971538
2012-10-22,0.31400999999999996,0,12.282623
2012-10-23,0.30069419999999997,0,11.916011
2012-10-24,0.2597508,0,11.570954
2012-10-25,0.26744759999999995,0,11.063905
2012-10-26,0.33039840000000004,0,10.589579
2012-10-27,0.34743779999999996,0,10.28188
2012-10-28,0.3434592,0,10.0448
2012-10-29,0.33330599999999994,0,9.830917
2012-10-30,0.32200080000000003,0,9.62441
2012-10-31,0.3105402,0,9.420989
2012-11-01,0.2978562,0,9.22273
2012-11-02,0.2844924,0,9.029171
2012-11-03,0.2723634,0,8.835316
2012-11-04,0.2607492,0,8.642117
2012-11-05,0.2485956,0,8.454807
2012-11-06,0.25135019999999997,0,8.233827
2012-11-07,0.2550054,0,7.995475000000001
2012-11-08,0.2436402,0,7.8094470000000005
2012-11-09,0.24962999999999996,0,7.641557000000001
2012-11-10,0.2326728,0,7.476514
2012-11-11,0.31848299999999996,0,7.032000999999999
2012-11-12,0.4619748,0,6.523746
2012-11-13,0.4203282,0,6.376581
2012-11-14,0.3700326,0,6.258958
2012-11-15,0.3407982,0,6.110863
2012-11-16,0.3253338,0,5.940261
2012-11-17,0.315021,0,5.762748
2012-11-18,0.30409739999999996,0,5.589799
2012-11-19,0.2912202,0,5.422556
2012-11-20,0.27637199999999995,0,5.259559
2012-11-21,0.2806806,0,5.105909
2012-11-22,0.24184199999999997,0,4.957813
2012-11-23,0.2269212,0,4.81038
2012-11-24,0.2153358,0,4.657386
2012-11-25,0.2054976,0,4.503735
2012-11-26,0.1968408,0,4.351419
2012-11-27,0.1892436,0,4.200751
2012-11-28,0.18224880000000002,0,4.053149
2012-11-29,0.1756332,0,3.9093549999999997
2012-11-30,0.1694394,0,3.7689709999999996
2012-12-01,0.1707756,0,3.6022179999999997
2012-12-02,0.173202,0,3.4194370000000003
2012-12-03,0.1692378,0,3.272457
2012-12-04,0.1628466,0,3.1466519999999996
2012-12-05,0.15636779999999997,0,3.0279990000000003
2012-12-06,0.15086699999999997,0,2.907537
2012-12-07,0.1459818,0,2.787586
2012-12-08,0.15692340000000002,0,2.672592
2012-12-09,0.1790448,0,2.354182
2012-12-10,0.20536200000000002,0,2.066098
2012-12-11,0.20600039999999997,0,1.919845
2012-12-12,0.19661759999999998,0,1.8258359999999998
2012-12-13,0.2183076,0,1.7424300000000001
2012-12-14,0.2078226,0,1.6515309999999999
2012-12-15,0.24138779999999999,0,1.3264610000000001
2012-12-16,0.3053868,0,1.007476
2012-12-17,0.30483599999999994,0,0.88534
2012-12-18,0.3989232,0,0.783595
2012-12-19,0.5602098,0,0.6026260000000001
2012-12-20,1.0069692,0,-0.12739699999999998
2012-12-21,1.0985748,0,-0.27946000000000004
2012-12-22,0.9523626000000001,0,-0.301315
2012-12-23,0.927639,0,-0.398678
2012-12-24,0.9728111999999999,0,-0.513862
2012-12-25,0.9892878,0,-0.605575
2012-12-26,0.9514145999999999,0,-0.681856
2012-12-27,0.9035813999999999,0,-0.754128
2012-12-28,0.8601948,0,-0.824496
2012-12-29,0.8352948,0,-0.8971750000000001
2012-12-30,0.812724,0,-0.964408
2012-12-31,0.7901598,0,-1.025979
2013-01-01,0.7673285999999999,0,-1.082652
2013-01-02,0.7429638,0,-1.133392
2013-01-03,0.7168248,0,-1.178035
2013-01-04,0.6896934,0,-1.217028
2013-01-05,0.661581,0,-1.250473
2013-01-06,0.6334926,0,-1.2789869999999999
2013-01-07,0.6059928,0,-1.3027929999999999
2013-01-08,0.590541,0,-1.330523
2013-01-09,0.6412691999999999,0,-1.366385
2013-01-10,0.6503646,0,-1.4087239999999999
2013-01-11,0.7288704,0,-1.485074
2013-01-12,0.6214230000000001,0,-1.484333
2013-01-13,0.585564,0,-1.473485
2013-01-14,0.5552526,0,-1.465266
2013-01-15,0.5315027999999999,0,-1.458844
2013-01-16,0.5126058,0,-1.45159
2013-01-17,0.495495,0,-1.440731
2013-01-18,0.4789542,0,-1.425253
2013-01-19,0.4620534,0,-1.404842
2013-01-20,0.4442088,0,-1.379651
2013-01-21,0.42689879999999997,0,-1.3511090000000001
2013-01-22,0.4116474,0,-1.320311
2013-01-23,0.397014,0,-1.286052
2013-01-24,0.3860238,0,-1.250358
2013-01-25,0.3735576,0,-1.208756
2013-01-26,0.45687479999999997,0,-1.166171
2013-01-27,0.46319639999999995,0,-1.128309
2013-01-28,0.670332,0,-1.233807
2013-01-29,1.7246082,0,-1.6950560000000001
2013-01-30,1.8155663999999998,0,-1.696815
2013-01-31,1.7522243999999998,0,-1.605778
2013-02-01,1.319889,0,-1.573686
2013-02-02,1.8023052,0,-1.545022
2013-02-03,1.3418382,0,-1.487333
2013-02-04,1.2984803999999999,0,-1.4235229999999999
2013-02-05,1.6745496,0,-1.354276
2013-02-06,1.6635851999999998,0,-1.285752
2013-02-07,1.317207,0,-1.2651620000000001
2013-02-08,2.01366,0,-1.22873
2013-02-09,1.9512785999999998,0,-1.131513
2013-02-10,2.6452602,0,-1.185265
2013-02-11,2.9731433999999997,0,-1.175587
2013-02-12,2.123274,0,-1.073809
2013-02-13,2.1643848,0,-0.993388
2013-02-14,2.2434396,0,-0.917552
2013-02-15,2.1810876,0,-0.810522
2013-02-16,2.083677,0,-0.692951
2013-02-17,1.9969236000000001,0,-0.572943
2013-02-18,2.0171568,0,-0.47236999999999996
2013-02-19,2.0041806,0,-0.358121
2013-02-20,2.1795671999999997,0,-0.21895600000000004
2013-02-21,1.7925455999999997,0,-0.076882
2013-02-22,1.7259426,0,0.06274000000000002
2013-02-23,1.665624,0,0.20666600000000002
2013-02-24,1.6141902,0,0.3575790000000001
2013-02-25,2.6296974,0,0.507282
2013-02-26,2.621412,0,0.645019
2013-02-27,1.5809436,0,0.764866
2013-02-28,2.0178149999999997,0,0.9223520000000001
2013-03-01,1.4696478,0,1.0925349999999998
2013-03-02,2.0336382,0,1.2620339999999999
2013-03-03,2.5601027999999997,0,1.434281
2013-03-04,2.484849,0,1.6099269999999999
2013-03-05,1.6470708,0,1.766337
2013-03-06,2.3401866,0,1.9207480000000001
2013-03-07,2.3199756,0,2.109616
2013-03-08,2.5466418,0,2.288353
2013-03-09,3.4365498,0,2.360157
2013-03-10,4.7300927999999995,0,2.267661
2013-03-11,4.7837532,0,2.43221
2013-03-12,4.8709938,0,2.60818
2013-03-13,4.8965004,0,2.773942
2013-03-14,3.806463,0,2.94475
2013-03-15,2.7952074000000002,0,3.1212799999999996
2013-03-16,2.7978701999999998,0,3.29823
2013-03-17,2.7738402,0,3.4825869999999997
2013-03-18,2.7467304,0,3.666722
2013-03-19,2.7290856,0,3.860238
2013-03-20,2.6195268,0,4.067921
2013-03-21,2.5109262,0,4.279462
2013-03-22,2.3960027999999998,0,4.496079
2013-03-23,2.2949507999999996,0,4.714248
2013-03-24,2.180535,0,4.936998
2013-03-25,2.1343302,0,5.152419
2013-03-26,4.169219999999999,0,5.371966
2013-03-27,4.018356,0,5.606132
2013-03-28,3.8987658,0,5.843018
2013-03-29,3.7626641999999997,0,6.081515
2013-03-30,3.6062861999999996,0,6.322113
2013-03-31,3.5004402,0,6.562717
2013-04-01,3.3843858,0,6.805462
2013-04-02,2.3171244,0,7.049424999999999
2013-04-03,2.1971141999999997,0,7.295194
2013-04-04,1.2632382,0,7.543234999999999
2013-04-05,1.1935014,0,7.793093000000001
2013-04-06,2.8620636,0,8.042393
2013-04-07,2.7949626,0,8.289977
2013-04-08,3.0645168000000003,0,8.437477
2013-04-09,4.501214999999999,0,8.429729
2013-04-10,6.217318799999999,0,8.46665
2013-04-11,4.9900818,0,8.640499
2013-04-12,5.9025228,0,8.833512
2013-04-13,7.2497598,0,9.040429
2013-04-14,7.2537617999999995,0,9.23434
2013-04-15,8.2608762,0,9.405925
2013-04-16,8.226093599999999,0,9.625966
2013-04-17,10.254792,0,9.748294
2013-04-18,9.2466216,0,9.881295
2013-04-19,7.4177669999999996,0,10.103705
2013-04-20,10.0815306,0,10.326365
2013-04-21,10.7265012,0,10.563927
2013-04-22,9.1876188,0,10.807522
2013-04-23,9.3810174,0,11.056349
2013-04-24,8.395894199999999,0,11.310674
2013-04-25,9.1328616,0,11.570545
2013-04-26,9.8574864,0,11.834389
2013-04-27,8.6353746,0,12.101495
2013-04-28,8.315396999999999,0,12.370994
2013-04-29,8.645907,0,12.641541
2013-04-30,7.518610799999999,0,12.910953
2013-05-01,7.6892862,0,13.184371
2013-05-02,7.392252599999999,0,13.440525
2013-05-03,7.9175568,0,13.627927
2013-05-04,7.8457002,0,13.881009
2013-05-05,6.8530392,0,14.153008
2013-05-06,6.3593915999999995,0,14.413804
2013-05-07,6.7268076,0,14.670612
2013-05-08,6.342712799999999,0,14.928988
2013-05-09,6.685050599999999,0,15.123635
2013-05-10,7.8584802,0,15.238246
2013-05-11,6.2214756,0,15.49322
2013-05-12,6.978287399999999,0,15.725413
2013-05-13,7.1879658,0,15.950105
2013-05-14,5.6583822,0,16.179798
2013-05-15,6.6754212,0,16.413159
2013-05-16,6.3286986,0,16.64859
2013-05-17,6.713689799999999,0,16.816898
2013-05-18,6.591586799999999,0,17.043347
2013-05-19,6.5723796,0,17.258286
2013-05-20,6.967686,0,17.421922
2013-05-21,6.5862006,0,17.657858
2013-05-22,6.1398804,0,17.861409
2013-05-23,6.1549176,0,18.05164
2013-05-24,5.032303199999999,0,18.272603
2013-05-25,6.2722764,0,18.484911
2013-05-26,6.1203408,0,18.694125
2013-05-27,6.0327432,0,18.901192
2013-05-28,7.3527354,0,18.987422
2013-05-29,7.4089104,0,19.164661
2013-05-30,8.191447799999999,0,19.273807
2013-05-31,8.3720466,0,19.431974
2013-06-01,5.7611652,0,19.618242
2013-06-02,6.7640004,0,19.804476
2013-06-03,7.702205999999999,0,19.996261
2013-06-04,7.4411988000000004,0,20.185387
2013-06-05,7.5390125999999995,0,20.343539
2013-06-06,7.019779199999999,0,20.511804
2013-06-07,6.8560638,0,20.702169
2013-06-08,7.0445364,0,20.888345
2013-06-09,6.8828292,0,21.056617
2013-06-10,6.849386999999999,0,21.217146
2013-06-11,6.4632366,0,21.407891
2013-06-12,6.905928,0,21.519229
2013-06-13,7.3269672,0,21.604474
2013-06-14,7.0106334,0,21.768628
2013-06-15,7.023757799999999,0,21.883652
2013-06-16,5.32377,0,22.004465
2013-06-17,6.0299736,0,22.159142
2013-06-18,4.8906114,0,22.310793
2013-06-19,6.4846373999999996,0,22.459867
2013-06-20,6.1734048,0,22.61
2013-06-21,6.954706799999999,0,22.678885
2013-06-22,9.8947104,0,22.639864
2013-06-23,10.8292758,0,22.67016
2013-06-24,11.631798,0,22.758354
2013-06-25,14.2818858,0,23.058701
2013-06-26,23.213531999999997,0,22.703602
2013-06-27,25.67136,0,22.677201
2013-06-28,26.803029,0,22.709788
2013-06-29,27.5924196,0,22.776272
2013-06-30,26.535925799999998,0,22.889408
2013-07-01,24.9830802,0,23.018081
2013-07-02,23.222510399999997,0,23.15601
2013-07-03,21.3763662,0,23.303369
2013-07-04,19.5795258,0,23.458831
2013-07-05,17.778026999999998,0,23.625717
2013-07-06,16.019669999999998,0,23.804982
2013-07-07,14.467496999999998,0,23.993419
2013-07-08,13.6449546,0,24.138624
2013-07-09,16.5413466,0,23.740755
2013-07-10,15.2388912,0,23.843404
2013-07-11,14.051641799999999,0,23.94222
2013-07-12,12.9864096,0,24.033102
2013-07-13,12.0161724,0,24.118782
2013-07-14,11.1394626,0,24.200662
2013-07-15,10.302997799999998,0,24.278955
2013-07-16,9.5655462,0,24.352132
2013-07-17,8.826951,0,24.416479
2013-07-18,8.0897694,0,24.470508
2013-07-19,7.9187964,0,24.534541
2013-07-20,7.317406799999999,0,24.592128
2013-07-21,7.929607799999999,0,24.510539
2013-07-22,5.4415956,0,24.452018
2013-07-23,6.185861399999999,0,24.467089
2013-07-24,7.3767702,0,24.501325
2013-07-25,6.7999686,0,24.506378
2013-07-26,3.8127552,0,24.494617
2013-07-27,3.4307261999999996,0,24.485643
2013-07-28,3.923718,0,24.485651
2013-07-29,6.055148399999999,0,24.486955
2013-07-30,3.9548909999999995,0,24.486592
2013-07-31,5.4348846,0,24.466456
2013-08-01,5.2755491999999995,0,24.451473
2013-08-02,5.156763,0,24.414357
2013-08-03,4.2435894,0,24.393529
2013-08-04,4.5612281999999995,0,24.380086
2013-08-05,4.288033199999999,0,24.350093
2013-08-06,3.0716658000000003,0,24.319731
2013-08-07,3.5620152,0,24.297335
2013-08-08,3.6265536,0,24.269885
2013-08-09,3.399927,0,24.237813
2013-08-10,3.2163732,0,24.201328
2013-08-11,2.9983817999999998,0,24.140634
2013-08-12,2.1737051999999997,0,24.042786
2013-08-13,2.9334095999999996,0,23.999696
2013-08-14,2.7858647999999997,0,23.953318
2013-08-15,2.6232485999999997,0,23.901654
2013-08-16,2.5198554,0,23.841298
2013-08-17,2.3732712,0,23.782896
2013-08-18,2.2587924,0,23.718734
2013-08-19,2.1304806,0,23.653789
2013-08-20,2.0153226,0,23.584923
2013-08-21,1.8823637999999998,0,23.514604
2013-08-22,2.183655,0,23.204717
2013-08-23,2.1803795999999998,0,23.013434
2013-08-24,2.0754594,0,22.923863
2013-08-25,1.9701072,0,22.836484
2013-08-26,1.8483966,0,22.74671
2013-08-27,1.7286996,0,22.651446
2013-08-28,1.605207,0,22.55323
2013-08-29,0.5836697999999999,0,22.447289
2013-08-30,1.3520717999999998,0,22.344418
2013-08-31,0.3357486,0,22.237837
2013-09-01,0.3136944,0,22.122686
2013-09-02,0.295521,0,22.002989
2013-09-03,0.2823126,0,21.876967
2013-09-04,0.2686794,0,21.751891
2013-09-05,0.6620232,0,21.648599
2013-09-06,0.2296764,0,21.516731
2013-09-07,0.5622936,0,21.396474
2013-09-08,0.8891496,0,21.28929
2013-09-09,0.9179448,0,21.135512
2013-09-10,0.42646619999999996,0,20.97804
2013-09-11,0.1765668,0,20.831887
2013-09-12,0.16486019999999998,0,20.688874
2013-09-13,0.7208514,0,20.5546
2013-09-14,0.7175778,0,20.3887
2013-09-15,0.1868862,0,19.995319
2013-09-16,0.4471908,0,19.703
2013-09-17,0.8087178,0,19.545008
2013-09-18,0.9234108,0,19.270424
2013-09-19,1.3210169999999999,0,18.503122
2013-09-20,0.8559678,0,18.024674
2013-09-21,0.7393301999999999,0,17.908543
2013-09-22,0.6822366000000001,0,17.742264
2013-09-23,0.6711456,0,17.539754
2013-09-24,0.6676488,0,17.334393
2013-09-25,0.6490386,0,17.143093
2013-09-26,0.6159978,0,16.959168
2013-09-27,1.2759791999999999,0,16.778211
2013-09-28,0.553176,0,16.575276
2013-09-29,0.5849694,0,16.314487
2013-09-30,0.5513532,0,16.128907
2013-10-01,0.5109726,0,15.952136
2013-10-02,1.1084201999999999,0,15.768588000000001
2013-10-03,1.0109039999999998,0,15.579142000000001
2013-10-04,0.5669118,0,15.208928
2013-10-05,0.6292608,0,14.919844
2013-10-06,0.6382626,0,14.689963
2013-10-07,0.6070926,0,14.500534
2013-10-08,0.5627633999999999,0,14.317349
2013-10-09,0.5249904,0,14.126615
2013-10-10,0.4940124,0,13.929571
2013-10-11,0.464232,0,13.731751
2013-10-12,0.44602800000000004,0,13.524935
2013-10-13,0.4209582,0,13.3266
2013-10-14,0.4171122,0,13.129237
2013-10-15,0.43501379999999995,0,12.832126
2013-10-16,0.44974919999999996,0,12.576571
2013-10-17,0.44770740000000003,0,12.347506
2013-10-18,0.43949819999999995,0,12.136381
2013-10-19,0.41647259999999997,0,11.936171
2013-10-20,0.42485639999999997,0,11.696711
2013-10-21,0.4322304,0,11.450319
2013-10-22,0.40904579999999996,0,11.252447
2013-10-23,0.3915534,0,11.050895
2013-10-24,0.37549259999999995,0,10.84633
2013-10-25,0.3658152,0,10.636608
2013-10-26,0.3479652,0,10.43694
2013-10-27,0.33359520000000004,0,10.235703
2013-10-28,0.31488299999999997,0,10.040395
2013-10-29,0.8054172,0,9.840569
2013-10-30,0.8032398,0,9.630511
2013-10-31,0.3840828,0,9.196945
2013-11-01,0.529086,0,8.808562
2013-11-02,0.49466459999999995,0,8.651501
2013-11-03,0.45713879999999996,0,8.479565
2013-11-04,1.0709951999999998,0,8.278373
2013-11-05,0.521868,0,7.969308
2013-11-06,0.7713726,0,7.5108630000000005
2013-11-07,0.7574298,0,7.3240940000000005
2013-11-08,0.7004777999999999,0,7.155929
2013-11-09,0.6704622,0,6.959919
2013-11-10,0.6579342,0,6.750206
2013-11-11,0.6700626,0,6.519871
2013-11-12,0.6805836,0,6.298495
2013-11-13,0.6655146,0,6.099484
2013-11-14,0.6460278,0,5.903899
2013-11-15,1.3408223999999997,0,5.708971
2013-11-16,1.3956534,0,5.4735
2013-11-17,1.0702889999999998,0,5.010778
2013-11-18,1.1774436,0,4.778045
2013-11-19,1.1163984,0,4.61278
2013-11-20,1.1282172,0,4.410072
2013-11-21,1.1700312,0,4.19847
2013-11-22,1.1992037999999998,0,3.9933059999999996
2013-11-23,1.1665098,0,3.8141689999999997
2013-11-24,1.1249772,0,3.638953
2013-11-25,1.0813356,0,3.4652890000000003
2013-11-26,1.0725353999999998,0,3.2866720000000003
2013-11-27,1.0471986,0,3.116789
2013-11-28,1.0218792,0,2.950593
2013-11-29,0.9949512,0,2.788652
2013-11-30,1.0473636,0,2.596849
2013-12-01,1.0236606,0,2.433617
2013-12-02,0.999462,0,2.280191
2013-12-03,2.0421684,0,2.106369
2013-12-04,1.0127502,0,1.94856
2013-12-05,0.998472,0,1.7990979999999999
2013-12-06,2.0075094,0,1.6567949999999998
2013-12-07,1.9797353999999998,0,1.516566
2013-12-08,1.8821598,0,1.3890449999999999
2013-12-09,1.6924374,0,1.239395
2013-12-10,1.721067,0,1.1040139999999998
2013-12-11,1.6988154,0,0.970259
2013-12-12,0.8652546,0,0.84135
2013-12-13,1.6902059999999999,0,0.716161
2013-12-14,1.7190611999999998,0,0.5963970000000001
2013-12-15,0.8158446,0,0.477754
2013-12-16,0.7703021999999999,0,0.3729279999999999
2013-12-17,0.7845467999999999,0,0.25383599999999995
2013-12-18,1.7393477999999998,0,0.14850000000000008
2013-12-19,0.8594153999999999,0,0.0497780000000001
2013-12-20,1.8186234,0,-0.05301199999999995
2013-12-21,1.7204676,0,-0.137772
2013-12-22,1.7442618,0,-0.21886399999999995
2013-12-23,1.8661505999999999,0,-0.32832700000000004
2013-12-24,1.8011016,0,-0.40841700000000003
2013-12-25,1.0412658,0,-0.48838400000000004
2013-12-26,1.8007206,0,-0.5674429999999999
2013-12-27,1.7782926,0,-0.6400950000000001
2013-12-28,1.7941722,0,-0.7170019999999999
2013-12-29,1.7367384,0,-0.7865489999999999
2013-12-30,1.6923618,0,-0.846201
2013-12-31,1.6559237999999998,0,-0.900873
2014-01-01,0.9091853999999999,0,-0.96184
2014-01-02,1.6811106,0,-1.015642
2014-01-03,0.8580599999999999,0,-1.064737
2014-01-04,0.8288321999999999,0,-1.110915
2014-01-05,1.6282704,0,-1.152456
2014-01-06,1.6085783999999999,0,-1.1908
2014-01-07,1.5959934,0,-1.226518
2014-01-08,1.58322,0,-1.258564
2014-01-09,0.7262376,0,-1.286847
2014-01-10,0.4945734,0,-1.312823
2014-01-11,1.59384,0,-1.3584
2014-01-12,1.5574284,0,-1.410695
2014-01-13,1.5918485999999998,0,-1.440365
2014-01-14,1.5517092,0,-1.437552
2014-01-15,1.618833,0,-1.458484
2014-01-16,1.5907373999999999,0,-1.46212
2014-01-17,0.6864971999999999,0,-1.4676719999999999
2014-01-18,1.5536987999999998,0,-1.46075
2014-01-19,1.6000817999999999,0,-1.464806
2014-01-20,1.5715145999999998,0,-1.454238
2014-01-21,1.5684828,0,-1.443516
2014-01-22,1.5573654,0,-1.426197
2014-01-23,0.6481926,0,-1.408919
2014-01-24,1.5327444000000001,0,-1.3843079999999999
2014-01-25,1.4883876,0,-1.351483
2014-01-26,1.5504996,0,-1.326321
2014-01-27,1.5481164,0,-1.297978
2014-01-28,1.5382482000000002,0,-1.261579
2014-01-29,1.5253583999999998,0,-1.222269
2014-01-30,1.488978,0,-1.171068
2014-01-31,1.475547,0,-1.123436
2014-02-01,1.5077610000000001,0,-1.0709710000000001
2014-02-02,0.624189,0,-1.025523
2014-02-03,1.5164507999999999,0,-0.967185
2014-02-04,0.6191136,0,-0.901083
2014-02-05,1.5055805999999998,0,-0.837021
2014-02-06,1.484253,0,-0.770814
2014-02-07,1.4605704,0,-0.698751
2014-02-08,1.4599062,0,-0.61615
2014-02-09,1.4495459999999998,0,-0.544211
2014-02-10,1.4315094,0,-0.46096099999999995
2014-02-11,0.47573099999999996,0,-0.37476
2014-02-12,0.4663866,0,-0.279867
2014-02-13,1.4481545999999998,0,-0.18784800000000001
2014-02-14,0.4815678,0,-0.09709999999999996
2014-02-15,0.4717716,0,0.005322999999999967
2014-02-16,1.3623353999999999,0,0.10613600000000001
2014-02-17,1.3777764,0,0.24218300000000004
2014-02-18,1.6186829999999999,0,0.2906249999999999
2014-02-19,1.5809364,0,0.372819
2014-02-20,1.277898,0,0.3520160000000001
2014-02-21,1.5032952,0,0.3599429999999999
2014-02-22,0.828252,0,0.501668
2014-02-23,0.8307726000000001,0,0.626827
2014-02-24,1.5385115999999999,0,0.746659
2014-02-25,0.8581836,0,0.868733
2014-02-26,1.6001603999999998,0,0.999544
2014-02-27,0.8532054,0,1.1374110000000002
2014-02-28,1.7442677999999998,0,1.284129
2014-03-01,0.8788284000000001,0,1.4291900000000002
2014-03-02,1.7539727999999999,0,1.571996
2014-03-03,1.9027277999999999,0,1.7275230000000001
2014-03-04,1.8704496,0,1.8877549999999998
2014-03-05,1.0715334,0,2.038649
2014-03-06,1.0130477999999998,0,2.191872
2014-03-07,0.970329,0,2.354247
2014-03-08,1.8638898,0,2.52129
2014-03-09,1.9572281999999999,0,2.694248
2014-03-10,2.3124354,0,2.790324
2014-03-11,2.4950046,0,2.880106
2014-03-12,2.2998144,0,3.0484080000000002
2014-03-13,2.4939443999999997,0,3.2148209999999997
2014-03-14,3.4566654,0,3.240715
2014-03-15,3.0171791999999997,0,3.395244
2014-03-16,2.9871114000000003,0,3.594317
2014-03-17,3.0012269999999996,0,3.7791870000000003
2014-03-18,3.8474454,0,3.8809009999999997
2014-03-19,4.0180062,0,3.991676
2014-03-20,4.5784572,0,4.108851
2014-03-21,3.1498284,0,4.261358
2014-03-22,2.9145108,0,4.456231
2014-03-23,3.7929744,0,4.646889
2014-03-24,3.197841,0,4.842043
2014-03-25,3.4324182000000003,0,5.041045
2014-03-26,4.657902,0,5.242608
2014-03-27,4.900891199999999,0,5.418931
2014-03-28,4.936446,0,5.595997
2014-03-29,5.058614400000001,0,5.821319
2014-03-30,4.9740648,0,6.043029
2014-03-31,4.8782754,0,6.268335
2014-04-01,4.7295636,0,6.499564
2014-04-02,4.6107306,0,6.734675
2014-04-03,4.5043896,0,6.9699
2014-04-04,4.491366,0,7.194394000000001
2014-04-05,4.4097012,0,7.4393069999999994
2014-04-06,4.261156199999999,0,7.686729
2014-04-07,4.133676599999999,0,7.932449999999999
2014-04-08,4.0278072,0,8.177114
2014-04-09,3.9066821999999997,0,8.427807
2014-04-10,3.7715705999999996,0,8.681193
2014-04-11,3.6240821999999997,0,8.936212
2014-04-12,3.7654284,0,9.148181
2014-04-13,6.1047774,0,9.10782
2014-04-14,5.8407882,0,9.187541
2014-04-15,6.3273738,0,9.41478
2014-04-16,5.593854599999999,0,9.607253
2014-04-17,5.3758218,0,9.82185
2014-04-18,6.7006254,0,10.0373
2014-04-19,6.889379399999999,0,10.256248
2014-04-20,6.2112654,0,10.479984
2014-04-21,5.452467599999999,0,10.718149
2014-04-22,7.9878029999999995,0,10.963745
2014-04-23,7.802889,0,11.209973
2014-04-24,6.8199966000000005,0,11.426601
2014-04-25,6.019938,0,11.671948
2014-04-26,7.778311199999999,0,11.936713
2014-04-27,7.7966304,0,12.172277
2014-04-28,8.77668,0,12.368673
2014-04-29,9.4131924,0,12.566281
2014-04-30,9.2913636,0,12.809587
2014-05-01,9.216014399999999,0,13.047963
2014-05-02,7.8099066,0,13.286262
2014-05-03,8.7070644,0,13.527422
2014-05-04,6.8037318,0,13.770274
2014-05-05,8.335404,0,14.012868
2014-05-06,7.3784862,0,14.258257
2014-05-07,7.729728,0,14.507262
2014-05-08,7.3850831999999995,0,14.757861
2014-05-09,7.0583886,0,15.010532999999999
2014-05-10,6.707583,0,15.265034
2014-05-11,6.48879,0,15.503857
2014-05-12,7.5482016000000005,0,15.629261
2014-05-13,7.7347236,0,15.845664
2014-05-14,7.506687599999999,0,16.094575
2014-05-15,6.587913599999999,0,16.314069
2014-05-16,6.565341599999999,0,16.53809
2014-05-17,6.3912204,0,16.768901
2014-05-18,6.8285892,0,17.002403
2014-05-19,6.553838999999999,0,17.227209
2014-05-20,6.437387999999999,0,17.448212
2014-05-21,6.1601273999999995,0,17.676996
2014-05-22,5.832253199999999,0,17.907148
2014-05-23,5.566201199999999,0,18.135603
2014-05-24,5.310531599999999,0,18.364959
2014-05-25,5.032346400000001,0,18.595804
2014-05-26,4.7832534,0,18.819063
2014-05-27,5.741151,0,18.877294
2014-05-28,5.3941854,0,19.029903
2014-05-29,5.1075528,0,19.268873
2014-05-30,5.427430800000001,0,19.475535
2014-05-31,5.2573266,0,19.675183
2014-06-01,6.0514008,0,19.761985
2014-06-02,8.553365399999999,0,19.728317
2014-06-03,8.650910399999999,0,19.913735
2014-06-04,6.7544904,0,20.059171
2014-06-05,7.953199199999999,0,20.226732
2014-06-06,7.1903586,0,20.40653
2014-06-07,6.3334985999999995,0,20.58295
2014-06-08,7.1972382,0,20.756264
2014-06-09,6.071754,0,20.936689
2014-06-10,7.2053088,0,21.117667
2014-06-11,5.0165184,0,21.293766
2014-06-12,4.7169096,0,21.473618
2014-06-13,4.3577676,0,21.656252
2014-06-14,5.9550594,0,21.837857
2014-06-15,5.5861794,0,22.016678
2014-06-16,5.6519286,0,22.156228
2014-06-17,6.582254399999999,0,22.193441
2014-06-18,7.1931624,0,22.264932
2014-06-19,8.8729614,0,22.304474
2014-06-20,11.2933218,0,22.303819
2014-06-21,11.5910622,0,22.394155
2014-06-22,11.759950799999999,0,22.479583
2014-06-23,10.141468199999998,0,22.571293
2014-06-24,10.3256766,0,22.667182
2014-06-25,10.3952538,0,22.769098
2014-06-26,10.9557108,0,22.879547
2014-06-27,10.4953092,0,22.996146
2014-06-28,10.0987854,0,23.110376
2014-06-29,11.005391399999999,0,23.166616
2014-06-30,10.186866599999998,0,23.631543
2014-07-01,10.9924848,0,23.657414
2014-07-02,11.1897714,0,23.73454
2014-07-03,11.005084199999999,0,23.83082
2014-07-04,12.8894184,0,23.452072
2014-07-05,13.311341999999998,0,23.543865
2014-07-06,12.6222504,0,23.634819
2014-07-07,10.441538999999999,0,23.718513
2014-07-08,11.3328732,0,23.788468
2014-07-09,9.837629999999999,0,23.885648
2014-07-10,10.3831638,0,23.976778
2014-07-11,9.6577518,0,24.064343
2014-07-12,9.1665234,0,24.134953
2014-07-13,8.5311216,0,24.198133
2014-07-14,7.118643,0,24.27789
2014-07-15,7.6799496,0,24.340291
2014-07-16,7.115025,0,24.40171
2014-07-17,5.533986,0,24.469492
2014-07-18,4.9451748,0,24.533537
2014-07-19,5.2460022,0,24.592723
2014-07-20,5.3774214,0,24.649512
2014-07-21,4.987107599999999,0,24.70241
2014-07-22,3.4591331999999997,0,24.753434
2014-07-23,3.0390965999999997,0,24.800308
2014-07-24,3.9430205999999997,0,24.840419
2014-07-25,3.6804342,0,24.875932
2014-07-26,1.8710262,0,24.904571
2014-07-27,1.6666446,0,24.922117
2014-07-28,2.3103396,0,24.930019
2014-07-29,2.9255441999999996,0,24.952501
2014-07-30,2.5989641999999997,0,24.964187
2014-07-31,2.7071148,0,24.978702
2014-08-01,1.9618512,0,24.965985
2014-08-02,2.4633095999999997,0,24.933534
2014-08-03,2.3182169999999998,0,24.910738
2014-08-04,2.3646713999999998,0,24.814114
2014-08-05,1.4888538,0,24.661983
2014-08-06,1.2719136,0,24.609018
2014-08-07,0.7137606,0,24.573172
2014-08-08,0.8021028,0,24.540907
2014-08-09,1.4959326,0,24.505872
2014-08-10,0.5678676,0,24.468661
2014-08-11,0.5329836,0,24.41895
2014-08-12,0.5052534,0,24.353732
2014-08-13,0.4863624,0,24.287157
2014-08-14,0.4580322,0,24.229808
2014-08-15,0.4287462,0,24.173126
2014-08-16,0.3942984,0,24.119178
2014-08-17,1.3729008,0,24.061708
2014-08-18,0.35702999999999996,0,23.969784
2014-08-19,1.4842182,0,23.758012
2014-08-20,1.3838022,0,23.681098
2014-08-21,0.41943420000000003,0,23.493362
2014-08-22,0.4735308,0,23.324642
2014-08-23,1.3819242,0,23.234467
2014-08-24,1.4663897999999997,0,23.099735
2014-08-25,0.8788469999999999,0,22.556934
2014-08-26,0.9080249999999999,0,22.406607
2014-08-27,0.7816464,0,22.352185
2014-08-28,1.7606825999999998,0,22.253238
2014-08-29,1.8107904000000001,0,22.113364
2014-08-30,1.7146464,0,21.933607
2014-08-31,1.08327,0,21.800922
2014-09-01,0.7024686,0,21.663284
2014-09-02,1.6683618,0,21.512965
2014-09-03,1.6952448,0,21.380253
2014-09-04,1.5655176,0,20.730894
2014-09-05,1.362519,0,20.667238
2014-09-06,1.187754,0,20.581255
2014-09-07,1.1428158,0,20.425232
2014-09-08,2.1738006,0,20.263298
2014-09-09,1.0530684,0,20.103799
2014-09-10,1.147275,0,19.845577
2014-09-11,1.0958952,0,19.683575
2014-09-12,1.066125,0,19.498773
2014-09-13,1.4266902,0,19.316769
2014-09-14,1.385241,0,19.159897
2014-09-15,1.003194,0,18.946744
2014-09-16,0.9878706,0,18.758438
2014-09-17,0.902229,0,18.609371
2014-09-18,1.8300455999999998,0,18.4519
2014-09-19,1.7568149999999998,0,18.286845
2014-09-20,0.7130886,0,18.113471
2014-09-21,0.7015566000000001,0,17.912142
2014-09-22,0.6636762,0,17.737113
2014-09-23,0.6096528,0,17.574198
2014-09-24,0.5592168,0,17.407948
2014-09-25,0.8766558,0,17.235258
2014-09-26,0.4814892,0,17.063699
2014-09-27,0.6953159999999999,0,16.896658
2014-09-28,0.4078152,0,16.727688
2014-09-29,0.3764826,0,16.555999
2014-09-30,0.6345276000000001,0,16.375909
2014-10-01,1.0179282,0,16.1881
2014-10-02,0.31473840000000003,0,15.989270999999999
2014-10-03,0.5086307999999999,0,15.469553000000001
2014-10-04,0.5173344,0,15.237388
2014-10-05,0.4788714,0,15.067035
2014-10-06,0.4480608,0,14.886039
2014-10-07,0.41342819999999997,0,14.703862
2014-10-08,0.39551699999999995,0,14.503227
2014-10-09,0.37357019999999996,0,14.307964
2014-10-10,0.35097059999999997,0,14.115271
2014-10-11,1.0075764,0,13.919541
2014-10-12,0.9728885999999999,0,13.722868
2014-10-13,1.3948356,0,13.164409
2014-10-14,1.003509,0,12.572047
2014-10-15,1.5778379999999999,0,12.396356
2014-10-16,0.9244182,0,12.188003
2014-10-17,0.939339,0,11.947529
2014-10-18,0.9712164,0,11.700493
2014-10-19,0.9583416,0,11.474077
2014-10-20,0.9224934,0,11.255487
2014-10-21,1.078542,0,11.037515
2014-10-22,1.0783158,0,10.814845
2014-10-23,1.138704,0,10.576291
2014-10-24,0.8681291999999999,0,10.339007
2014-10-25,0.8376282,0,10.129115
2014-10-26,0.8046642,0,9.91933
2014-10-27,0.7752468,0,9.707367
2014-10-28,0.7425372,0,9.499799
2014-10-29,0.7092708,0,9.294029
2014-10-30,0.681927,0,9.088026
2014-10-31,0.6591114,0,8.88049
2014-11-01,0.6305454,0,8.679493
2014-11-02,0.6033678,0,8.481011
2014-11-03,0.5830422,0,8.279031
2014-11-04,0.5948766,0,8.044611
2014-11-05,0.5783237999999999,0,7.841697999999999
2014-11-06,0.5660645999999999,0,7.63312
2014-11-07,0.5423628,0,7.441071000000001
2014-11-08,0.5197691999999999,0,7.250419000000001
2014-11-09,0.4988172,0,7.059615000000001
2014-11-10,0.49222259999999995,0,6.856505
2014-11-11,0.4610358,0,6.672234
2014-11-12,0.45234119999999994,0,6.478819
2014-11-13,0.4366908,0,6.292395
2014-11-14,0.424584,0,6.105875
2014-11-15,0.39225239999999995,0,5.935785
2014-11-16,0.39102180000000003,0,5.744883
2014-11-17,0.3823212,0,5.56064
2014-11-18,0.37135559999999995,0,5.380457
2014-11-19,0.3607092,0,5.202292
2014-11-20,0.3526302,0,5.024338
2014-11-21,0.7514958,0,4.852067
2014-11-22,1.2220182000000002,0,4.616591
2014-11-23,0.5018963999999999,0,4.243568
2014-11-24,0.7027709999999999,0,3.8755509999999997
2014-11-25,0.7136081999999999,0,3.713934
2014-11-26,0.6867534000000001,0,3.5625970000000002
2014-11-27,0.6902046000000001,0,3.3849020000000003
2014-11-28,0.7011335999999999,0,3.2025829999999997
2014-11-29,0.7995414,0,2.970135
2014-11-30,0.8045129999999999,0,2.783628
2014-12-01,0.7669938000000001,0,2.638612
2014-12-02,0.7419732,0,2.485746
2014-12-03,0.7250208,0,2.330142
2014-12-04,1.2554261999999998,0,2.174398
2014-12-05,0.703668,0,2.021086
2014-12-06,1.6409610000000001,0,1.872436
2014-12-07,1.61205,0,1.7284199999999998
2014-12-08,0.7480379999999999,0,1.529594
2014-12-09,1.3439226,0,1.3696670000000002
2014-12-10,0.745347,0,1.2412999999999998
2014-12-11,1.338789,0,1.111208
2014-12-12,0.7174902,0,0.983624
2014-12-13,1.676502,0,0.8594869999999999
2014-12-14,1.6618734,0,0.7367870000000001
2014-12-15,0.7148423999999999,0,0.587513
2014-12-16,0.7999368,0,0.40570700000000004
2014-12-17,1.4316977999999998,0,0.2982450000000001
2014-12-18,1.4414045999999998,0,0.19564800000000004
2014-12-19,0.7536377999999999,0,0.08960199999999996
2014-12-20,1.4726861999999998,0,-0.012853000000000003
2014-12-21,1.7740314,0,-0.115919
2014-12-22,1.8434051999999999,0,-0.23574700000000004
2014-12-23,1.6351854000000001,0,-0.45947000000000005
2014-12-24,1.6960206,0,-0.5448919999999999
2014-12-25,2.1036048,0,-0.625165
2014-12-26,0.9229488,0,-0.710106
2014-12-27,0.9466241999999999,0,-0.8104359999999999
2014-12-28,0.9408228,0,-0.889362
2014-12-29,0.9213366,0,-0.959554
2014-12-30,1.8045642,0,-1.026827
