time,FLOW
2010-01-01,5.780139
2010-01-02,5.732024399999999
2010-01-03,5.6789796
2010-01-04,5.6230146
2010-01-05,5.5635053999999995
2010-01-06,5.5733286
2010-01-07,5.8113162
2010-01-08,5.6446032
2010-01-09,5.550358200000001
2010-01-10,5.4572268
2010-01-11,5.365459799999999
2010-01-12,5.270423399999999
2010-01-13,5.1752921999999995
2010-01-14,5.0807633999999995
2010-01-15,4.9917534
2010-01-16,4.9011366
2010-01-17,4.8100068
2010-01-18,4.7202756
2010-01-19,4.6329582
2010-01-20,4.5481752
2010-01-21,4.4682414
2010-01-22,4.3820592
2010-01-23,4.2955638
2010-01-24,4.7259324
2010-01-25,4.8572226
2010-01-26,4.867851
2010-01-27,4.8707351999999995
2010-01-28,4.8672732
2010-01-29,4.8596015999999995
2010-01-30,4.835973
2010-01-31,4.8007998
2010-02-01,4.8506598
2010-02-02,4.8886464
2010-02-03,4.8122376
2010-02-04,4.760623799999999
2010-02-05,4.7100504
2010-02-06,4.648852199999999
2010-02-07,4.6087782
2010-02-08,4.6677294
2010-02-09,4.836659999999999
2010-02-10,4.6862778
2010-02-11,4.6045632
2010-02-12,4.5310662
2010-02-13,4.453209
2010-02-14,4.3772916
2010-02-15,4.343874
2010-02-16,4.268895
2010-02-17,4.197717
2010-02-18,4.1191548
2010-02-19,4.0641762
2010-02-20,4.0648608
2010-02-21,4.0151916
2010-02-22,3.9999521999999996
2010-02-23,3.9686237999999996
2010-02-24,3.9026544
2010-02-25,3.8251884
2010-02-26,3.7501925999999997
2010-02-27,3.6808692
2010-02-28,3.6143873999999996
2010-03-01,3.5391150000000002
2010-03-02,3.4695516
2010-03-03,3.3975558
2010-03-04,3.3210437999999995
2010-03-05,3.2508186
2010-03-06,3.1944
2010-03-07,3.1306218
2010-03-08,3.0437466
2010-03-09,3.2332596000000002
2010-03-10,4.2912678
2010-03-11,5.0258148
2010-03-12,5.449572
2010-03-13,5.788264799999999
2010-03-14,5.919897
2010-03-15,6.031751399999999
2010-03-16,6.1112801999999995
2010-03-17,6.153858
2010-03-18,6.178143599999999
2010-03-19,6.307039799999999
2010-03-20,6.504860399999999
2010-03-21,6.509985599999999
2010-03-22,6.460071
2010-03-23,6.380720999999999
2010-03-24,6.288298800000001
2010-03-25,6.2146536
2010-03-26,6.1421538
2010-03-27,6.0713058
2010-03-28,5.9476848
2010-03-29,5.805186
2010-03-30,5.635900799999999
2010-03-31,5.4464304
2010-04-01,5.2496436
2010-04-02,5.109279
2010-04-03,5.0254872
2010-04-04,4.899378
2010-04-05,4.9054253999999995
2010-04-06,5.784269999999999
2010-04-07,6.745432200000001
2010-04-08,7.3843596
2010-04-09,7.528579799999999
2010-04-10,7.6389372
2010-04-11,7.5803244
2010-04-12,7.638656999999999
2010-04-13,7.5688674
2010-04-14,7.431081599999999
2010-04-15,7.2691386
2010-04-16,7.187112
2010-04-17,7.059315
2010-04-18,6.9295637999999995
2010-04-19,6.7926936
2010-04-20,6.6081612000000005
2010-04-21,6.426582600000001
2010-04-22,6.2572302
2010-04-23,6.1603422
2010-04-24,6.3801456
2010-04-25,7.0401036
2010-04-26,6.9377135999999995
2010-04-27,6.7910358
2010-04-28,6.6181686
2010-04-29,6.4656899999999995
2010-04-30,6.4761576000000005
2010-05-01,6.60879
2010-05-02,6.540658799999999
2010-05-03,6.3688872000000005
2010-05-04,6.1887365999999995
2010-05-05,6.0754572
2010-05-06,5.9576508
2010-05-07,6.2213868
2010-05-08,6.296118600000001
2010-05-09,6.1592862
2010-05-10,6.051498
2010-05-11,6.6331134
2010-05-12,6.953229599999999
2010-05-13,8.043627
2010-05-14,8.2322454
2010-05-15,8.2925022
2010-05-16,8.4024126
2010-05-17,8.3965404
2010-05-18,8.277400799999999
2010-05-19,8.080909799999999
2010-05-20,7.9347395999999994
2010-05-21,8.0972124
2010-05-22,7.952375399999999
2010-05-23,7.713768599999999
2010-05-24,7.4438262
2010-05-25,7.4271714
2010-05-26,7.5848172
2010-05-27,7.6130813999999996
2010-05-28,7.3279884
2010-05-29,7.0303986
2010-05-30,6.73941
2010-05-31,6.4876499999999995
2010-06-01,6.2087058
2010-06-02,6.1358004
2010-06-03,6.0722442
2010-06-04,6.2535342
2010-06-05,6.6960666
2010-06-06,7.1360022
2010-06-07,7.058166
2010-06-08,7.5704861999999995
2010-06-09,7.4843562
2010-06-10,7.3128468
2010-06-11,7.2973175999999995
2010-06-12,7.201056599999999
2010-06-13,7.1353428
2010-06-14,7.160028
2010-06-15,7.6635203999999995
2010-06-16,7.8328368
2010-06-17,7.650843599999999
2010-06-18,7.728553799999999
2010-06-19,7.613014799999999
2010-06-20,7.451789399999999
2010-06-21,8.3737254
2010-06-22,9.1583646
2010-06-23,10.1910204
2010-06-24,10.3571844
2010-06-25,10.603376999999998
2010-06-26,11.364340200000001
2010-06-27,11.9570382
2010-06-28,12.0452952
2010-06-29,12.101253
2010-06-30,12.0129378
2010-07-01,11.8521816
2010-07-02,11.6167032
2010-07-03,11.3376888
2010-07-04,11.128317599999999
2010-07-05,11.146413
2010-07-06,10.894209
2010-07-07,11.4236796
2010-07-08,11.2790622
2010-07-09,10.827795
2010-07-10,10.339003199999999
2010-07-11,9.968233199999998
2010-07-12,9.5988978
2010-07-13,9.248298
2010-07-14,8.6389728
2010-07-15,9.7730664
2010-07-16,9.6952122
2010-07-17,9.569534399999998
2010-07-18,9.712809
2010-07-19,9.568475999999999
2010-07-20,9.382644
2010-07-21,9.1317252
2010-07-22,11.644433999999999
2010-07-23,14.111916
2010-07-24,15.795903
2010-07-25,16.7267346
2010-07-26,17.1348666
2010-07-27,17.2432884
2010-07-28,17.4183696
2010-07-29,17.2742088
2010-07-30,17.5985718
2010-07-31,17.442787199999998
2010-08-01,17.0354058
2010-08-02,16.5774702
2010-08-03,16.032837599999997
2010-08-04,15.465620399999999
2010-08-05,14.832935399999998
2010-08-06,14.2340238
2010-08-07,13.6286628
2010-08-08,14.852520599999998
2010-08-09,15.1240878
2010-08-10,14.665750799999998
2010-08-11,14.1440754
2010-08-12,13.6052448
2010-08-13,14.720881199999999
2010-08-14,15.5840046
2010-08-15,15.4489878
2010-08-16,15.2726346
2010-08-17,15.0707784
2010-08-18,14.859249
2010-08-19,14.547350999999999
2010-08-20,14.3430048
2010-08-21,14.289322799999999
2010-08-22,13.869375
2010-08-23,13.399041599999999
2010-08-24,12.957396
2010-08-25,12.485406600000001
2010-08-26,12.005365799999998
2010-08-27,11.5148088
2010-08-28,10.9924392
2010-08-29,10.484330400000001
2010-08-30,10.000935
2010-08-31,10.173989399999998
2010-09-01,11.216656200000001
2010-09-02,11.904995399999999
2010-09-03,12.2918982
2010-09-04,12.070563
2010-09-05,11.821999199999999
2010-09-06,11.5165152
2010-09-07,11.1840168
2010-09-08,10.8100404
2010-09-09,10.458443399999998
2010-09-10,10.1158422
2010-09-11,10.1600436
2010-09-12,9.7683156
2010-09-13,9.342430799999999
2010-09-14,8.943278999999999
2010-09-15,8.584449
2010-09-16,8.3463894
2010-09-17,8.1192408
2010-09-18,8.5742484
2010-09-19,8.4125214
2010-09-20,8.1392166
2010-09-21,7.839580799999999
2010-09-22,7.545316199999999
2010-09-23,7.2906444
2010-09-24,7.2138624
2010-09-25,6.9842994
2010-09-26,6.7331388
2010-09-27,6.466692599999999
2010-09-28,6.2182758
2010-09-29,5.9700294
2010-09-30,5.7249408
2010-10-01,5.5095618
2010-10-02,5.3522802
2010-10-03,5.159561399999999
2010-10-04,4.955449199999999
2010-10-05,4.7455428
2010-10-06,4.545447
2010-10-07,4.339994399999999
2010-10-08,4.1270934
2010-10-09,3.9261576
2010-10-10,3.7193633999999998
2010-10-11,3.5392848
2010-10-12,3.3744438
2010-10-13,3.2308416
2010-10-14,3.099234
2010-10-15,2.9777609999999997
2010-10-16,2.848107
2010-10-17,2.7232169999999996
2010-10-18,2.629464
2010-10-19,2.5273182
2010-10-20,2.4210665999999996
2010-10-21,2.3313281999999997
2010-10-22,2.2196754
2010-10-23,2.3614674
2010-10-24,2.9772605999999997
2010-10-25,3.0110243999999997
2010-10-26,3.7113707999999996
2010-10-27,3.7840278
2010-10-28,3.8257427999999996
2010-10-29,3.8108226
2010-10-30,3.7727922
2010-10-31,3.7315392
2010-11-01,3.6802314
2010-11-02,3.6229919999999995
2010-11-03,3.5617661999999997
2010-11-04,3.5358018
2010-11-05,3.4985238
2010-11-06,3.4634118
2010-11-07,3.4101695999999997
2010-11-08,3.3502506000000003
2010-11-09,3.289779
2010-11-10,3.2254092
2010-11-11,3.1645374
2010-11-12,3.2024658
2010-11-13,3.3613416000000003
2010-11-14,3.3808836
2010-11-15,3.3562518000000003
2010-11-16,3.3300834
2010-11-17,3.346332
2010-11-18,3.3140508
2010-11-19,3.2773698
2010-11-20,3.2396832
2010-11-21,3.2478665999999996
2010-11-22,3.2805623999999995
2010-11-23,3.2519142000000003
2010-11-24,3.3397259999999998
2010-11-25,3.4312194
2010-11-26,3.4063674
2010-11-27,3.3804431999999998
2010-11-28,3.3465431999999997
2010-11-29,3.3578436
2010-11-30,3.3952205999999996
2010-12-01,3.3812616
2010-12-02,3.3540366
2010-12-03,3.5252298
2010-12-04,3.6974334
2010-12-05,3.5820575999999997
2010-12-06,3.5287998
2010-12-07,3.4806822
2010-12-08,3.434877
2010-12-09,3.4522668
2010-12-10,3.399573
2010-12-11,3.5512722
2010-12-12,3.8489784
2010-12-13,3.8634486
2010-12-14,3.8673029999999997
2010-12-15,3.8695367999999997
2010-12-16,3.881361
2010-12-17,3.8790647999999996
2010-12-18,3.8748815999999997
2010-12-19,3.8586323999999994
2010-12-20,4.026078
2010-12-21,3.9725849999999996
2010-12-22,3.9267443999999996
2010-12-23,3.8873286
2010-12-24,3.9607817999999995
2010-12-25,3.8986919999999996
2010-12-26,3.8505059999999998
2010-12-27,3.8054316
2010-12-28,3.7605413999999997
2010-12-29,3.7062647999999996
2010-12-30,3.6419417999999997
2010-12-31,3.7086696
2011-01-01,3.7828337999999997
2011-01-02,3.7873727999999995
2011-01-03,3.7913921999999998
2011-01-04,3.7864025999999997
2011-01-05,3.7967753999999996
2011-01-06,3.7866071999999997
2011-01-07,3.775746
2011-01-08,3.7531308
2011-01-09,3.7257143999999998
2011-01-10,3.7417542
2011-01-11,3.79014
2011-01-12,3.7409585999999995
2011-01-13,3.6977442
2011-01-14,3.7062834000000002
2011-01-15,3.6704784
2011-01-16,3.6295271999999996
2011-01-17,3.8662385999999995
2011-01-18,3.7565016
2011-01-19,3.7006068
2011-01-20,3.6474107999999994
2011-01-21,3.6056508
2011-01-22,3.5581836
2011-01-23,3.5096879999999997
2011-01-24,3.4562274
2011-01-25,3.4068599999999996
2011-01-26,3.3714353999999997
2011-01-27,3.3939288
2011-01-28,3.3352932
2011-01-29,3.2869242
2011-01-30,3.2357538
2011-01-31,3.4355928
2011-02-01,3.73185
2011-02-02,3.6158981999999997
2011-02-03,3.525951
2011-02-04,3.4458737999999998
2011-02-05,3.385821
2011-02-06,3.4116228
2011-02-07,3.3361848
2011-02-08,3.2735886
2011-02-09,3.2183100000000002
2011-02-10,3.1654967999999997
2011-02-11,3.1214729999999995
2011-02-12,3.0646524
2011-02-13,2.9705334
2011-02-14,2.9559348
2011-02-15,2.921634
2011-02-16,2.8838478
2011-02-17,2.6963928
2011-02-18,3.2998619999999996
2011-02-19,3.7396787999999996
2011-02-20,4.617112199999999
2011-02-21,5.0340084
2011-02-22,5.1660288
2011-02-23,5.295774
2011-02-24,5.402626199999999
2011-02-25,5.5183979999999995
2011-02-26,5.6775210000000005
2011-02-27,5.698282799999999
2011-02-28,5.7312366
2011-03-01,5.7217884
2011-03-02,5.7748626000000005
2011-03-03,5.6906099999999995
2011-03-04,5.8968234
2011-03-05,6.3277998
2011-03-06,6.481571999999999
2011-03-07,6.574507199999999
2011-03-08,6.8207484
2011-03-09,7.1813801999999995
2011-03-10,7.3386726
2011-03-11,7.3910214
2011-03-12,7.443992399999999
2011-03-13,7.442134199999999
2011-03-14,7.4142348
2011-03-15,7.3591391999999995
2011-03-16,7.2663906
2011-03-17,7.1674938
2011-03-18,7.0902426
2011-03-19,6.9630144
2011-03-20,7.958315999999999
2011-03-21,8.205608999999999
2011-03-22,8.8969944
2011-03-23,9.6980682
2011-03-24,9.973323
2011-03-25,10.1574702
2011-03-26,10.2682692
2011-03-27,10.3011924
2011-03-28,10.306640400000001
2011-03-29,10.298446199999999
2011-03-30,10.2100782
2011-03-31,10.075266000000001
2011-04-01,10.5203328
2011-04-02,10.5942798
2011-04-03,10.6375752
2011-04-04,10.7983332
2011-04-05,10.6862358
2011-04-06,10.704318
2011-04-07,10.546133999999999
2011-04-08,10.4480328
2011-04-09,10.2096486
2011-04-10,9.9460248
2011-04-11,9.7444326
2011-04-12,9.461811599999999
2011-04-13,9.210479999999999
2011-04-14,9.0498054
2011-04-15,9.1215192
2011-04-16,9.262630199999998
2011-04-17,9.072372
2011-04-18,8.8969518
2011-04-19,9.644784
2011-04-20,9.954932999999999
2011-04-21,9.8671626
2011-04-22,10.1234166
2011-04-23,10.2415764
2011-04-24,10.134668999999999
2011-04-25,10.0719378
2011-04-26,10.977837
2011-04-27,11.145849
2011-04-28,11.2397148
2011-04-29,11.1474852
2011-04-30,11.054923800000001
2011-05-01,10.8871236
2011-05-02,10.7105892
2011-05-03,10.603876799999998
2011-05-04,10.3466472
2011-05-05,10.3077366
2011-05-06,10.0886286
2011-05-07,9.8680416
2011-05-08,9.5373216
2011-05-09,9.3389286
2011-05-10,9.1051584
2011-05-11,9.2542818
2011-05-12,9.1173786
2011-05-13,8.9235648
2011-05-14,8.8728474
2011-05-15,8.6609538
2011-05-16,8.3611776
2011-05-17,8.053674
2011-05-18,7.9550328
2011-05-19,7.676194199999999
2011-05-20,7.3514273999999995
2011-05-21,7.1493636
2011-05-22,6.8022024
2011-05-23,6.557628599999999
2011-05-24,6.3480222
2011-05-25,6.9161076
2011-05-26,7.0250832
2011-05-27,6.8955696
2011-05-28,6.8202144
2011-05-29,6.8457653999999994
2011-05-30,6.602424
2011-05-31,6.361092599999999
2011-06-01,6.1017204000000005
2011-06-02,5.9355780000000005
2011-06-03,5.7076428
2011-06-04,5.4422424
2011-06-05,5.190627
2011-06-06,4.9769004
2011-06-07,4.7342928
2011-06-08,4.994613
2011-06-09,5.277084599999999
2011-06-10,5.388520199999999
2011-06-11,5.297496
2011-06-12,5.1657132
2011-06-13,4.977567
2011-06-14,4.8042306
2011-06-15,4.9979424
2011-06-16,4.8816168
2011-06-17,4.6893438
2011-06-18,4.5261882
2011-06-19,4.7879808
2011-06-20,4.74855
2011-06-21,4.7295414
2011-06-22,5.0086416
2011-06-23,5.1495156
2011-06-24,5.036618399999999
2011-06-25,4.907228399999999
2011-06-26,4.7755187999999995
2011-06-27,4.7092848
2011-06-28,4.5415542
2011-06-29,4.3678716
2011-06-30,4.2004524
2011-07-01,4.130316
2011-07-02,3.9316902
2011-07-03,3.7366692
2011-07-04,3.5338211999999998
2011-07-05,3.372807
2011-07-06,3.2647458
2011-07-07,3.1237266
2011-07-08,2.9451059999999996
2011-07-09,2.7633486
2011-07-10,2.651061
2011-07-11,2.8875468
2011-07-12,2.7276114000000002
2011-07-13,2.6037204
2011-07-14,2.4601374
2011-07-15,2.3649299999999998
2011-07-16,2.2795308
2011-07-17,2.0923674
2011-07-18,1.9459662
2011-07-19,1.7490732
2011-07-20,1.534338
2011-07-21,1.3770786
2011-07-22,1.4017116
2011-07-23,1.3365695999999998
2011-07-24,1.2892337999999999
2011-07-25,1.1417321999999999
2011-07-26,1.034886
2011-07-27,1.1870694
2011-07-28,1.3363326
2011-07-29,1.206123
2011-07-30,1.0808046
2011-07-31,0.9549923999999999
2011-08-01,0.8331786
2011-08-02,0.7143042
2011-08-03,0.607671
2011-08-04,0.5347331999999999
2011-08-05,0.5143715999999999
2011-08-06,0.483861
2011-08-07,0.5406282
2011-08-08,0.5668026
2011-08-09,0.5281362
2011-08-10,0.49380959999999996
2011-08-11,0.4603404
2011-08-12,0.44972579999999995
2011-08-13,0.5266854
2011-08-14,0.4939938
2011-08-15,0.46369319999999997
2011-08-16,0.434385
2011-08-17,0.41036639999999996
2011-08-18,0.37746599999999997
2011-08-19,0.35396939999999993
2011-08-20,0.4016334
2011-08-21,0.37203780000000003
2011-08-22,0.3515988
2011-08-23,0.4857012
2011-08-24,0.4322832
2011-08-25,0.4070232
2011-08-26,0.38296079999999993
2011-08-27,0.360501
2011-08-28,0.3430164
2011-08-29,0.3235962
2011-08-30,0.3419634
2011-08-31,0.32735279999999994
2011-09-01,0.300969
2011-09-02,0.3080262
2011-09-03,0.4172448
2011-09-04,0.3778698
2011-09-05,0.3641922
2011-09-06,0.351015
2011-09-07,0.3371244
2011-09-08,0.325044
2011-09-09,0.3118764
2011-09-10,0.299382
2011-09-11,0.2833806
2011-09-12,0.2653968
2011-09-13,0.25594079999999997
2011-09-14,0.24704939999999997
2011-09-15,0.2367612
2011-09-16,0.23458199999999998
2011-09-17,0.22494899999999998
2011-09-18,0.2594916
2011-09-19,0.24447719999999998
2011-09-20,0.2322522
2011-09-21,0.22853219999999996
2011-09-22,0.2277612
2011-09-23,0.2286528
2011-09-24,0.2226474
2011-09-25,0.23989019999999997
2011-09-26,0.36296939999999994
2011-09-27,0.34682280000000004
2011-09-28,0.342984
2011-09-29,0.3821724
2011-09-30,0.3745044
2011-10-01,0.365655
2011-10-02,0.3509892
2011-10-03,0.341121
2011-10-04,0.3323814
2011-10-05,0.321849
2011-10-06,0.3135282
2011-10-07,0.30046019999999996
2011-10-08,0.2908518
2011-10-09,0.28409759999999995
2011-10-10,0.27494399999999997
2011-10-11,0.2775834
2011-10-12,0.32201759999999996
2011-10-13,0.3823488
2011-10-14,0.35964599999999997
2011-10-15,0.3572784
2011-10-16,0.34799399999999997
2011-10-17,0.3429702
2011-10-18,0.3611832
2011-10-19,0.3596292
2011-10-20,0.35531999999999997
2011-10-21,0.34062899999999996
2011-10-22,0.33202319999999996
2011-10-23,0.35011499999999995
2011-10-24,0.3431646
2011-10-25,0.341976
2011-10-26,0.3497484
2011-10-27,0.3389424
2011-10-28,0.3372618
2011-10-29,0.3297198
2011-10-30,0.34161539999999996
2011-10-31,0.3318438
2011-11-01,0.3229122
2011-11-02,0.40045139999999996
2011-11-03,0.4356558
2011-11-04,0.44092739999999997
2011-11-05,0.43829100000000004
2011-11-06,0.433341
2011-11-07,0.4250424
2011-11-08,0.6688835999999999
2011-11-09,1.0546313999999999
2011-11-10,1.3350666
2011-11-11,1.4679719999999998
2011-11-12,1.5577746
2011-11-13,1.6173252
2011-11-14,1.6939217999999998
2011-11-15,1.7179392
2011-11-16,1.7626812
2011-11-17,1.8159299999999998
2011-11-18,1.8526601999999999
2011-11-19,1.9145358
2011-11-20,1.9451262
2011-11-21,1.9792788
2011-11-22,2.0183646
2011-11-23,2.0217618
2011-11-24,2.0214468
2011-11-25,2.0094504
2011-11-26,2.1484086
2011-11-27,2.2120488
2011-11-28,2.2139718
2011-11-29,2.2057182
2011-11-30,2.185539
2011-12-01,2.1707304
2011-12-02,2.1664763999999996
2011-12-03,2.4649704
2011-12-04,2.7773076
2011-12-05,2.8240236
2011-12-06,2.8550573999999997
2011-12-07,2.876529
2011-12-08,2.884293
2011-12-09,2.886747
2011-12-10,2.8903566
2011-12-11,2.8819782
2011-12-12,2.8766021999999998
2011-12-13,2.8935353999999998
2011-12-14,3.267597
2011-12-15,3.3282491999999997
2011-12-16,3.3836345999999997
2011-12-17,3.4001826
2011-12-18,3.3787056
2011-12-19,3.4057644000000002
2011-12-20,3.4218462
2011-12-21,3.4475436
2011-12-22,3.4605264
2011-12-23,3.443664
2011-12-24,3.4170852
2011-12-25,3.3812249999999997
2011-12-26,3.3469314
2011-12-27,3.325884
2011-12-28,3.3038081999999998
2011-12-29,3.3105654
2011-12-30,3.4885325999999997
2011-12-31,3.3946764
2012-01-01,3.433359
2012-01-02,3.409461
2012-01-03,3.3729036
2012-01-04,3.3324654000000002
2012-01-05,3.2753418
2012-01-06,3.2448642
2012-01-07,3.2001630000000003
2012-01-08,3.1557714
2012-01-09,3.1083936
2012-01-10,3.0570168
2012-01-11,3.0042959999999996
2012-01-12,3.2959001999999997
2012-01-13,3.1327674
2012-01-14,3.071829
2012-01-15,3.0148554
2012-01-16,2.9659212
2012-01-17,3.0803538
2012-01-18,2.9711178
2012-01-19,2.9161314
2012-01-20,3.0999858
2012-01-21,2.963637
2012-01-22,2.9095674
2012-01-23,3.0045935999999998
2012-01-24,2.9795652
2012-01-25,2.946951
2012-01-26,2.9031102
2012-01-27,2.8656048
2012-01-28,2.8315746
2012-01-29,2.8070262
2012-01-30,2.7477888
2012-01-31,2.655666
2012-02-01,2.7411239999999997
2012-02-02,2.7548304
2012-02-03,2.7993738
2012-02-04,2.8404198
2012-02-05,2.8576536000000003
2012-02-06,2.8653636
2012-02-07,2.8749293999999996
2012-02-08,2.8600962
2012-02-09,2.8429463999999998
2012-02-10,2.884173
2012-02-11,2.8551354
2012-02-12,2.8341456000000003
2012-02-13,2.8973478
2012-02-14,2.8606914
2012-02-15,2.8244579999999995
2012-02-16,2.8127292
2012-02-17,2.7984894
2012-02-18,2.761302
2012-02-19,2.7230106
2012-02-20,2.6993598
2012-02-21,2.6951976
2012-02-22,2.6724666
2012-02-23,2.7294803999999995
2012-02-24,2.7620388
2012-02-25,2.7363774
2012-02-26,2.6721726
2012-02-27,2.6717694
2012-02-28,2.7798101999999996
2012-02-29,3.0343158
2012-03-01,3.0713826
2012-03-02,3.26157
2012-03-03,3.4324698
2012-03-04,3.5582922
2012-03-05,3.5504903999999997
2012-03-06,3.5114118
2012-03-07,3.593022
2012-03-08,3.7873494
2012-03-09,3.809988
2012-03-10,3.7782497999999998
2012-03-11,3.7644852
2012-03-12,3.9723713999999997
2012-03-13,3.9447461999999995
2012-03-14,3.8911439999999997
2012-03-15,3.8314434
2012-03-16,3.7671654
2012-03-17,3.6976926
2012-03-18,3.6048396
2012-03-19,3.7397489999999998
2012-03-20,3.6413165999999997
2012-03-21,3.5251296
2012-03-22,3.4723865999999997
2012-03-23,3.6328859999999996
2012-03-24,3.6768006
2012-03-25,3.5982342
2012-03-26,3.6131718
2012-03-27,3.5171892000000002
2012-03-28,3.4353954
2012-03-29,3.4057967999999996
2012-03-30,3.8388918
2012-03-31,3.835908
2012-04-01,3.7696368
2012-04-02,3.7291914
2012-04-03,3.6588246
2012-04-04,3.5785668
2012-04-05,3.5183508
2012-04-06,3.4412934
2012-04-07,3.363315
2012-04-08,3.238434
2012-04-09,3.1279739999999996
2012-04-10,3.0831492000000003
2012-04-11,2.9947445999999998
2012-04-12,2.8815288
2012-04-13,2.8103076
2012-04-14,2.7686897999999998
2012-04-15,2.9847888
2012-04-16,3.0063492000000003
2012-04-17,2.9216406
2012-04-18,2.8286136
2012-04-19,3.0565974
2012-04-20,3.3703781999999998
2012-04-21,3.3788579999999997
2012-04-22,3.3413153999999996
2012-04-23,3.296157
2012-04-24,3.2210417999999996
2012-04-25,3.3304326
2012-04-26,3.2898875999999997
2012-04-27,3.2585664
2012-04-28,3.3952313999999997
2012-04-29,3.5104542
2012-04-30,3.7207854
2012-05-01,3.6812981999999996
2012-05-02,3.811737
2012-05-03,4.1202132
2012-05-04,4.1140734
2012-05-05,4.1015916
2012-05-06,4.6589664
2012-05-07,4.7598198
2012-05-08,4.7085294
2012-05-09,4.6745316
2012-05-10,4.5690654
2012-05-11,4.449351
2012-05-12,4.408555799999999
2012-05-13,4.2721776
2012-05-14,4.1162556
2012-05-15,3.9728033999999997
2012-05-16,3.8790503999999997
2012-05-17,3.764487
2012-05-18,3.6031823999999997
2012-05-19,3.4363121999999997
2012-05-20,3.3132042
2012-05-21,3.174741
2012-05-22,3.030204
2012-05-23,2.8768884
2012-05-24,2.722137
2012-05-25,2.7298319999999996
2012-05-26,3.1116774
2012-05-27,2.9537286000000003
2012-05-28,2.9416422
2012-05-29,2.8671378
2012-05-30,2.8454849999999996
2012-05-31,3.0874193999999995
2012-06-01,2.9858999999999996
2012-06-02,2.8443869999999998
2012-06-03,2.6864981999999995
2012-06-04,2.5920174
2012-06-05,2.4564456
2012-06-06,2.3084724
2012-06-07,2.1418133999999998
2012-06-08,1.9713834000000001
2012-06-09,1.795317
2012-06-10,1.6482714
2012-06-11,1.6280898
2012-06-12,1.4993873999999998
2012-06-13,1.3954308
2012-06-14,1.2545502
2012-06-15,1.1032283999999999
2012-06-16,1.0221318
2012-06-17,0.8740158
2012-06-18,0.739047
2012-06-19,0.5975796
2012-06-20,0.5196714
2012-06-21,0.500358
2012-06-22,0.46235099999999996
2012-06-23,0.4320474
2012-06-24,0.4024644
2012-06-25,0.3742596
2012-06-26,0.3438912
2012-06-27,0.3087174
2012-06-28,0.2861778
2012-06-29,0.2612202
2012-06-30,0.23515979999999997
2012-07-01,0.2122998
2012-07-02,0.1895448
2012-07-03,0.1685958
2012-07-04,0.1452408
2012-07-05,0.1266012
2012-07-06,0.1086684
2012-07-07,0.09890519999999998
2012-07-08,0.0864672
2012-07-09,0.07602
2012-07-10,0.0651096
2012-07-11,0.0538218
2012-07-12,0.042904199999999997
2012-07-13,0.0422388
2012-07-14,0.036696599999999996
2012-07-15,0.024723
2012-07-16,0.0166602
2012-07-17,0.0122844
2012-07-18,0.09174719999999999
2012-07-19,0.0758682
2012-07-20,0.054347999999999994
2012-07-21,0.0443472
2012-07-22,0.033096
2012-07-23,0.024160199999999996
2012-07-24,0.0415398
2012-07-25,0.028815599999999997
2012-07-26,0.0455196
2012-07-27,0.04605599999999999
2012-07-28,0.036432599999999996
2012-07-29,0.0346314
2012-07-30,0.031162799999999997
2012-07-31,0.028768799999999997
2012-08-01,0.019543199999999997
2012-08-02,0.0146904
2012-08-03,0.012700199999999998
2012-08-04,0.015414599999999999
2012-08-05,0.0126012
2012-08-06,0.007917
2012-08-07,0.0066678
2012-08-08,0.006573
2012-08-09,0.0075276
2012-08-10,0.0072444
2012-08-11,0.006567599999999999
2012-08-12,0.006571799999999999
2012-08-13,0.0066498
2012-08-14,0.0068574
2012-08-15,0.0071682
2012-08-16,0.0076722
2012-08-17,0.007436999999999999
2012-08-18,0.007562999999999999
2012-08-19,0.007764599999999999
2012-08-20,0.0080532
2012-08-21,0.008458799999999999
2012-08-22,0.0089844
2012-08-23,0.009610800000000001
2012-08-24,0.010304399999999998
2012-08-25,0.011051400000000001
2012-08-26,0.0116922
2012-08-27,0.012312
2012-08-28,0.012952199999999999
2012-08-29,0.0135894
2012-08-30,0.014247
2012-08-31,0.0149082
2012-09-01,0.0155616
2012-09-02,0.016210199999999998
2012-09-03,0.016853399999999998
2012-09-04,0.0174678
2012-09-05,0.017844
2012-09-06,0.0181674
2012-09-07,0.018501
2012-09-08,0.0188352
2012-09-09,0.019136999999999998
2012-09-10,0.0194472
2012-09-11,0.019780799999999998
2012-09-12,0.0201414
2012-09-13,0.0204984
2012-09-14,0.0208518
2012-09-15,0.021224999999999997
2012-09-16,0.021616200000000002
2012-09-17,0.0220098
2012-09-18,0.0223914
2012-09-19,0.0227694
2012-09-20,0.023145
2012-09-21,0.023482799999999998
2012-09-22,0.023751
2012-09-23,0.0239922
2012-09-24,0.0242328
2012-09-25,0.0244842
2012-09-26,0.0247398
2012-09-27,0.024996
2012-09-28,0.0252534
2012-09-29,0.0255186
2012-09-30,0.0257862
2012-10-01,0.026053800000000002
2012-10-02,0.026322599999999998
2012-10-03,0.026592599999999997
2012-10-04,0.0268596
2012-10-05,0.0271128
2012-10-06,0.0273438
2012-10-07,0.027556799999999996
2012-10-08,0.0277584
2012-10-09,0.0279426
2012-10-10,0.0280842
2012-10-11,0.028208999999999998
2012-10-12,0.028321199999999998
2012-10-13,0.028308
2012-10-14,0.0281046
2012-10-15,0.0277482
2012-10-16,0.0273798
2012-10-17,0.026997
2012-10-18,0.0265692
2012-10-19,0.026120400000000002
2012-10-20,0.025665
2012-10-21,0.025213799999999998
2012-10-22,0.024753
2012-10-23,0.0242778
2012-10-24,0.0238104
2012-10-25,0.023343600000000003
2012-10-26,0.0228768
2012-10-27,0.0224118
2012-10-28,0.0219534
2012-10-29,0.021503400000000002
2012-10-30,0.021062400000000002
2012-10-31,0.0206316
2012-11-01,0.0202152
2012-11-02,0.019809
2012-11-03,0.0194154
2012-11-04,0.0190386
2012-11-05,0.0186756
2012-11-06,0.0183264
2012-11-07,0.017997
2012-11-08,0.017682
2012-11-09,0.0173766
2012-11-10,0.0170916
2012-11-11,0.016813199999999997
2012-11-12,0.016541399999999998
2012-11-13,0.016278
2012-11-14,0.0160224
2012-11-15,0.015774
2012-11-16,0.015534599999999999
2012-11-17,0.015304199999999999
2012-11-18,0.0150828
2012-11-19,0.014868
2012-11-20,0.0146712
2012-11-21,0.0144888
2012-11-22,0.014325
2012-11-23,0.014155199999999998
2012-11-24,0.0139902
2012-11-25,0.013836600000000001
2012-11-26,0.0136914
2012-11-27,0.0135582
2012-11-28,0.013438199999999999
2012-11-29,0.013332
2012-11-30,0.013239
2012-12-01,0.013156199999999998
2012-12-02,0.0130698
2012-12-03,0.012994799999999999
2012-12-04,0.0129288
2012-12-05,0.012861
2012-12-06,0.012802199999999998
2012-12-07,0.012750599999999999
2012-12-08,0.012709199999999999
2012-12-09,0.012649800000000001
2012-12-10,0.0125544
2012-12-11,0.0124614
2012-12-12,0.012372
2012-12-13,0.012286199999999999
2012-12-14,0.012204600000000001
2012-12-15,0.0121206
2012-12-16,0.0120348
2012-12-17,0.0119496
2012-12-18,0.0118668
2012-12-19,0.011790599999999998
2012-12-20,0.0127644
2012-12-21,0.0168402
2012-12-22,0.0225834
2012-12-23,0.049176000000000004
2012-12-24,0.0708564
2012-12-25,0.08643719999999999
2012-12-26,0.09347699999999999
2012-12-27,0.0910734
2012-12-28,0.12428639999999999
2012-12-29,0.09604739999999999
2012-12-30,0.08187599999999999
2012-12-31,0.0787362
2013-01-01,0.0833916
2013-01-02,0.08526360000000001
2013-01-03,0.088173
2013-01-04,0.0881268
2013-01-05,0.0877188
2013-01-06,0.0791298
2013-01-07,0.0683844
2013-01-08,0.0428292
2013-01-09,0.0523818
2013-01-10,0.0745854
2013-01-11,0.0800298
2013-01-12,0.0809358
2013-01-13,0.0753858
2013-01-14,0.0804216
2013-01-15,0.084999
2013-01-16,0.0856962
2013-01-17,0.08694059999999999
2013-01-18,0.0830538
2013-01-19,0.08251800000000001
2013-01-20,0.08610119999999999
2013-01-21,0.0908838
2013-01-22,0.092403
2013-01-23,0.097296
2013-01-24,0.0946908
2013-01-25,0.0918522
2013-01-26,0.08793359999999999
2013-01-27,0.08894759999999999
2013-01-28,0.09966119999999999
2013-01-29,0.28772879999999995
2013-01-30,0.452067
2013-01-31,0.3321288
2013-02-01,0.372897
2013-02-02,0.3454962
2013-02-03,0.4068264
2013-02-04,0.342858
2013-02-05,0.38383860000000003
2013-02-06,0.3654864
2013-02-07,0.4887276
2013-02-08,0.426666
2013-02-09,0.44415180000000004
2013-02-10,0.42262079999999996
2013-02-11,0.6215688
2013-02-12,0.616719
2013-02-13,0.6393078
2013-02-14,0.6718644
2013-02-15,0.7476012
2013-02-16,0.8070569999999999
2013-02-17,0.8663207999999999
2013-02-18,0.9244817999999999
2013-02-19,1.0761953999999998
2013-02-20,1.1358233999999998
2013-02-21,1.3319352
2013-02-22,1.3687871999999999
2013-02-23,1.3779624
2013-02-24,1.3893984
2013-02-25,1.3909842
2013-02-26,1.6164797999999998
2013-02-27,1.7356338
2013-02-28,1.7823252
2013-03-01,1.8052757999999998
2013-03-02,1.7914128
2013-03-03,1.7832492
2013-03-04,1.8073403999999997
2013-03-05,2.1973043999999997
2013-03-06,2.0621928
2013-03-07,2.0365044
2013-03-08,1.9974257999999998
2013-03-09,2.0133251999999997
2013-03-10,2.6640756
2013-03-11,3.3661499999999998
2013-03-12,3.6602796
2013-03-13,3.7690542
2013-03-14,3.8373276
2013-03-15,4.0111229999999995
2013-03-16,4.0305786
2013-03-17,4.0440084
2013-03-18,4.3688232
2013-03-19,4.2862656
2013-03-20,4.29867
2013-03-21,4.2828642
2013-03-22,4.255780199999999
2013-03-23,4.2131394
2013-03-24,4.2373674
2013-03-25,4.184848199999999
2013-03-26,4.1668752
2013-03-27,4.1189784
2013-03-28,4.0304202
2013-03-29,3.9254262
2013-03-30,3.8475851999999997
2013-03-31,3.765471
2013-04-01,3.6848568
2013-04-02,3.5913755999999997
2013-04-03,3.4868478
2013-04-04,3.3712961999999997
2013-04-05,3.273855
2013-04-06,3.1904951999999995
2013-04-07,3.0807138
2013-04-08,3.2467194
2013-04-09,4.020519
2013-04-10,5.4064656
2013-04-11,6.1845066
2013-04-12,6.4679652
2013-04-13,6.6531899999999995
2013-04-14,6.9061566
2013-04-15,7.373570999999999
2013-04-16,7.452930599999999
2013-04-17,8.4121296
2013-04-18,10.1025486
2013-04-19,10.674253199999999
2013-04-20,10.9235706
2013-04-21,11.0825238
2013-04-22,11.1048384
2013-04-23,11.1299898
2013-04-24,11.0103432
2013-04-25,10.82211
2013-04-26,10.6370922
2013-04-27,10.3791606
2013-04-28,10.110311999999999
2013-04-29,9.8033304
2013-04-30,9.465598799999999
2013-05-01,9.092922
2013-05-02,8.9488212
2013-05-03,9.437567999999999
2013-05-04,9.4531854
2013-05-05,9.120535199999999
2013-05-06,8.7210096
2013-05-07,8.3003808
2013-05-08,7.8842868
2013-05-09,8.3165592
2013-05-10,9.1208112
2013-05-11,8.978254199999999
2013-05-12,8.7852648
2013-05-13,8.5215198
2013-05-14,8.2223694
2013-05-15,7.8958721999999995
2013-05-16,7.563076199999999
2013-05-17,8.0880906
2013-05-18,7.846418399999999
2013-05-19,7.817172599999999
2013-05-20,7.949889599999999
2013-05-21,7.679394599999999
2013-05-22,7.915127399999999
2013-05-23,7.9510776
2013-05-24,7.709424
2013-05-25,7.585103999999999
2013-05-26,7.4927136
2013-05-27,7.4306094
2013-05-28,8.1447264
2013-05-29,8.0727624
2013-05-30,8.5687074
2013-05-31,8.715954
2013-06-01,8.576826599999999
2013-06-02,8.4772224
2013-06-03,8.336847599999999
2013-06-04,8.2390122
2013-06-05,8.355134999999999
2013-06-06,8.4446022
2013-06-07,8.2914258
2013-06-08,8.0252004
2013-06-09,7.9003098
2013-06-10,7.7875277999999994
2013-06-11,7.468763999999999
2013-06-12,7.592935799999999
2013-06-13,7.8871542
2013-06-14,7.660361999999999
2013-06-15,7.830374399999999
2013-06-16,7.9507829999999995
2013-06-17,7.6557246
2013-06-18,7.4161193999999995
2013-06-19,7.151108999999999
2013-06-20,6.86025
2013-06-21,8.065188599999999
2013-06-22,9.4661988
2013-06-23,10.546293599999998
2013-06-24,11.3172468
2013-06-25,14.7808464
2013-06-26,19.834515
2013-06-27,22.3268184
2013-06-28,24.224037
2013-06-29,26.1036456
2013-06-30,26.398779
2013-07-01,26.252467199999998
2013-07-02,25.699097999999996
2013-07-03,24.8818716
2013-07-04,23.958672599999996
2013-07-05,22.9686804
2013-07-06,21.9056754
2013-07-07,20.795803799999998
2013-07-08,20.363547
2013-07-09,19.401796199999996
2013-07-10,18.5502924
2013-07-11,17.5648128
2013-07-12,16.6049844
2013-07-13,15.709643999999999
2013-07-14,14.8424274
2013-07-15,14.0333394
2013-07-16,13.273305599999999
2013-07-17,12.8181546
2013-07-18,12.2204292
2013-07-19,11.4655416
2013-07-20,10.7854692
2013-07-21,10.6053402
2013-07-22,10.8720306
2013-07-23,10.7248152
2013-07-24,10.206242999999999
2013-07-25,9.748700999999999
2013-07-26,9.5823732
2013-07-27,9.2554608
2013-07-28,8.8935168
2013-07-29,8.3868768
2013-07-30,8.1172302
2013-07-31,7.851550799999999
2013-08-01,7.4722194
2013-08-02,7.259590199999999
2013-08-03,6.858042
2013-08-04,6.4466334
2013-08-05,6.222314399999999
2013-08-06,5.8416234
2013-08-07,5.4689904
2013-08-08,5.1369498
2013-08-09,4.819143599999999
2013-08-10,4.5172326
2013-08-11,4.4283834
2013-08-12,4.2685878
2013-08-13,4.0172574
2013-08-14,3.7646328
2013-08-15,3.5416787999999997
2013-08-16,3.2882076
2013-08-17,3.0496134
2013-08-18,2.815482
2013-08-19,2.5888991999999997
2013-08-20,2.3772378
2013-08-21,2.1912713999999998
2013-08-22,2.4562152
2013-08-23,2.3321712
2013-08-24,2.1385356
2013-08-25,1.9302317999999998
2013-08-26,1.7305302
2013-08-27,1.5593862
2013-08-28,1.406397
2013-08-29,1.2615413999999998
2013-08-30,1.129044
2013-08-31,1.0289831999999999
2013-09-01,0.9323238
2013-09-02,0.8314908
2013-09-03,0.7184208
2013-09-04,0.5864934
2013-09-05,0.5196672
2013-09-06,0.4830648
2013-09-07,0.45165
2013-09-08,0.4339896
2013-09-09,0.39894480000000004
2013-09-10,0.3609942
2013-09-11,0.3609234
2013-09-12,0.34392959999999995
2013-09-13,0.3317322
2013-09-14,0.32101679999999994
2013-09-15,0.3956124
2013-09-16,0.3711792
2013-09-17,0.356301
2013-09-18,0.328785
2013-09-19,0.508344
2013-09-20,0.5445606
2013-09-21,0.5309556
2013-09-22,0.5165814
2013-09-23,0.5015688
2013-09-24,0.48493739999999996
2013-09-25,0.46954199999999996
2013-09-26,0.45131099999999996
2013-09-27,0.42816119999999996
2013-09-28,0.4300524
2013-09-29,0.4267422
2013-09-30,0.407976
2013-10-01,0.3884802
2013-10-02,0.3670086
2013-10-03,0.3659316
2013-10-04,0.42264599999999997
2013-10-05,0.4322466
2013-10-06,0.42564779999999997
2013-10-07,0.4165122
2013-10-08,0.4024242
2013-10-09,0.38904179999999994
2013-10-10,0.3779298
2013-10-11,0.3720252
2013-10-12,0.3607032
2013-10-13,0.3513666
2013-10-14,0.3447906
2013-10-15,0.38426039999999995
2013-10-16,0.3874422
2013-10-17,0.39467339999999995
2013-10-18,0.38204340000000003
2013-10-19,0.385218
2013-10-20,0.3858516
2013-10-21,0.37984799999999996
2013-10-22,0.382974
2013-10-23,0.3769446
2013-10-24,0.37341959999999996
2013-10-25,0.3609714
2013-10-26,0.3553908
2013-10-27,0.34717499999999996
2013-10-28,0.346356
2013-10-29,0.3486174
2013-10-30,0.34533780000000003
2013-10-31,0.45494759999999995
2013-11-01,0.4577514
2013-11-02,0.4408704
2013-11-03,0.4336806
2013-11-04,0.4336524
2013-11-05,0.450795
2013-11-06,0.5373312
2013-11-07,0.5321087999999999
2013-11-08,0.5228904
2013-11-09,0.5155122
2013-11-10,0.5119488
2013-11-11,0.539712
2013-11-12,0.534117
2013-11-13,0.5248181999999999
2013-11-14,0.5199576
2013-11-15,0.5162928
2013-11-16,0.5417484
2013-11-17,0.7700657999999999
2013-11-18,0.890925
2013-11-19,0.9262656
2013-11-20,0.9770388
2013-11-21,1.0208574
2013-11-22,1.0651452
2013-11-23,1.091697
2013-11-24,1.1306532
2013-11-25,1.2049986
2013-11-26,1.182372
2013-11-27,1.1856108
2013-11-28,1.185462
2013-11-29,1.1816748
2013-11-30,1.1404056
2013-12-01,1.1868954
2013-12-02,1.2078437999999998
2013-12-03,1.2912972
2013-12-04,1.3131366
2013-12-05,1.3091064
2013-12-06,1.3121118
2013-12-07,1.3161725999999998
2013-12-08,1.5444402
2013-12-09,1.447845
2013-12-10,1.4633694
2013-12-11,1.4457996
2013-12-12,1.4394335999999999
2013-12-13,1.4303628
2013-12-14,1.4458631999999998
2013-12-15,1.4286732
2013-12-16,1.56246
2013-12-17,1.4836728
2013-12-18,1.465383
2013-12-19,1.484427
2013-12-20,1.4769468
2013-12-21,1.6398582
2013-12-22,1.7916606
2013-12-23,1.6634658
2013-12-24,1.658124
2013-12-25,1.6541856
2013-12-26,1.6212552
2013-12-27,1.5893004
2013-12-28,1.5513185999999999
2013-12-29,1.5412218
2013-12-30,1.5420564
2013-12-31,1.57782
2014-01-01,1.5486924
2014-01-02,1.524333
2014-01-03,1.505454
2014-01-04,1.4817107999999999
2014-01-05,1.4619996000000002
2014-01-06,1.446612
2014-01-07,1.4289444
2014-01-08,1.410195
2014-01-09,1.3937064
2014-01-10,1.4141934
2014-01-11,1.4101062
2014-01-12,1.3680671999999998
2014-01-13,1.3770756000000002
2014-01-14,1.4825256
2014-01-15,1.4121738
2014-01-16,1.4116812
2014-01-17,1.3938641999999999
2014-01-18,1.4366154
2014-01-19,1.3907939999999999
2014-01-20,1.3839005999999998
2014-01-21,1.3682039999999998
2014-01-22,1.3647041999999998
2014-01-23,1.3448058
2014-01-24,1.3405601999999999
2014-01-25,1.3849259999999999
2014-01-26,1.3670297999999999
2014-01-27,1.3441878
2014-01-28,1.3273127999999998
2014-01-29,1.3061340000000001
2014-01-30,1.3315134
2014-01-31,1.3443299999999998
2014-02-01,1.3546661999999998
2014-02-02,1.3207001999999999
2014-02-03,1.2989969999999997
2014-02-04,1.3020185999999998
2014-02-05,1.2904896
2014-02-06,1.2707934
2014-02-07,1.2507936
2014-02-08,1.2754848
2014-02-09,1.242399
2014-02-10,1.2258798
2014-02-11,1.2104676
2014-02-12,1.2301469999999999
2014-02-13,1.232445
2014-02-14,1.1997768
2014-02-15,1.1920518
2014-02-16,1.168995
2014-02-17,1.3625939999999999
2014-02-18,1.215891
2014-02-19,1.2064992
2014-02-20,1.2979746
2014-02-21,1.4374451999999998
2014-02-22,1.4541738
2014-02-23,1.462956
2014-02-24,1.4679642000000002
2014-02-25,1.467681
2014-02-26,1.4733372
2014-02-27,1.477467
2014-02-28,1.5367313999999999
2014-03-01,1.5738467999999999
2014-03-02,1.5445529999999998
2014-03-03,1.5985776
2014-03-04,1.7403144
2014-03-05,1.729341
2014-03-06,1.679484
2014-03-07,1.6441182
2014-03-08,1.6167420000000001
2014-03-09,1.592928
2014-03-10,1.4934786
2014-03-11,1.5139962
2014-03-12,1.6398156000000002
2014-03-13,1.601172
2014-03-14,1.51143
2014-03-15,1.8329922
2014-03-16,1.9410138
2014-03-17,2.027253
2014-03-18,1.9486812
2014-03-19,2.270304
2014-03-20,2.3292438
2014-03-21,2.6549604
2014-03-22,2.8680432
2014-03-23,3.0063204
2014-03-24,3.1318272
2014-03-25,3.2206548
2014-03-26,3.2765850000000003
2014-03-27,3.4714674
2014-03-28,3.7020695999999997
2014-03-29,3.7634117999999996
2014-03-30,3.7732469999999996
2014-03-31,3.7629924
2014-04-01,3.8116518
2014-04-02,3.8223996
2014-04-03,3.8777352
2014-04-04,3.9678948
2014-04-05,3.9145344
2014-04-06,3.862182
2014-04-07,3.8064228
2014-04-08,3.7392576
2014-04-09,3.6452358
2014-04-10,3.5408934
2014-04-11,3.4334412
2014-04-12,3.3992634
2014-04-13,4.4846892
2014-04-14,6.0118806
2014-04-15,6.4263378
2014-04-16,6.6744221999999995
2014-04-17,6.7860696
2014-04-18,6.854127
2014-04-19,6.8591592
2014-04-20,6.9703919999999995
2014-04-21,7.057572599999999
2014-04-22,7.0222404
2014-04-23,7.060797
2014-04-24,7.4641572
2014-04-25,7.6163262
2014-04-26,7.530494999999999
2014-04-27,7.721534999999999
2014-04-28,8.4470382
2014-04-29,9.093444
2014-04-30,9.2948712
2014-05-01,9.3821286
2014-05-02,9.378397199999998
2014-05-03,9.236844
2014-05-04,9.0731352
2014-05-05,8.916122399999999
2014-05-06,8.6837352
2014-05-07,8.431209599999999
2014-05-08,8.201004
2014-05-09,7.922015999999999
2014-05-10,7.6177247999999995
2014-05-11,7.4003208
2014-05-12,8.050526399999999
2014-05-13,8.5131
2014-05-14,8.3739288
2014-05-15,8.3556786
2014-05-16,8.2530396
2014-05-17,8.0312178
2014-05-18,7.7496726
2014-05-19,7.630093799999999
2014-05-20,7.401326999999999
2014-05-21,7.0899888
2014-05-22,6.8188721999999995
2014-05-23,6.5538582
2014-05-24,6.2616996
2014-05-25,5.971752
2014-05-26,5.8994112
2014-05-27,5.796190199999999
2014-05-28,6.273862199999999
2014-05-29,6.1128732
2014-05-30,5.8961154
2014-05-31,5.674185
2014-06-01,5.8845318
2014-06-02,7.784298
2014-06-03,7.9691658
2014-06-04,8.2225278
2014-06-05,8.1393438
2014-06-06,8.0207736
2014-06-07,7.928666999999999
2014-06-08,7.805481
2014-06-09,7.5824772
2014-06-10,7.4454443999999995
2014-06-11,7.401133799999999
2014-06-12,7.1619576
2014-06-13,6.863064
2014-06-14,6.5636202
2014-06-15,6.3269964000000005
2014-06-16,6.322249800000001
2014-06-17,6.9826386000000005
2014-06-18,7.082484
2014-06-19,8.3181534
2014-06-20,10.0996452
2014-06-21,10.513271399999999
2014-06-22,10.5477342
2014-06-23,10.626276
2014-06-24,10.5124128
2014-06-25,10.4116872
2014-06-26,10.211273400000001
2014-06-27,10.000815600000001
2014-06-28,9.9309414
2014-06-29,10.3734702
2014-06-30,11.89902
2014-07-01,13.188606
2014-07-02,13.672989
2014-07-03,13.678586999999998
2014-07-04,13.506316199999999
2014-07-05,13.210684200000001
2014-07-06,12.9091968
2014-07-07,12.6726924
2014-07-08,12.673190400000001
2014-07-09,12.1875354
2014-07-10,11.6307012
2014-07-11,11.109456
2014-07-12,10.6878504
2014-07-13,10.3178118
2014-07-14,9.8985744
2014-07-15,9.6075456
2014-07-16,9.1472118
2014-07-17,8.6037108
2014-07-18,8.109190199999999
2014-07-19,7.603423199999999
2014-07-20,7.109067
2014-07-21,6.5977296
2014-07-22,6.122815800000001
2014-07-23,5.7605388
2014-07-24,5.4023976000000005
2014-07-25,5.0976474
2014-07-26,4.7790852
2014-07-27,4.5896196
2014-07-28,4.3713546
2014-07-29,4.1052558
2014-07-30,3.8288436
2014-07-31,3.5279676
2014-08-01,3.2601792
2014-08-02,3.0338705999999998
2014-08-03,2.796771
2014-08-04,2.92422
2014-08-05,2.8653726
2014-08-06,2.6609507999999997
2014-08-07,2.4512093999999998
2014-08-08,2.2511652
2014-08-09,2.0566206
2014-08-10,1.8850871999999999
2014-08-11,1.7625102000000001
2014-08-12,1.683954
2014-08-13,1.5531138
2014-08-14,1.412367
2014-08-15,1.2615792
2014-08-16,1.1239314
2014-08-17,1.0044012
2014-08-18,0.9602489999999999
2014-08-19,1.029387
2014-08-20,0.9079548
2014-08-21,1.1712204
2014-08-22,1.0584023999999999
2014-08-23,1.0349717999999999
2014-08-24,0.9040338
2014-08-25,1.4415852
2014-08-26,1.3900877999999999
2014-08-27,1.2606114
2014-08-28,1.1925215999999998
2014-08-29,1.0584528
2014-08-30,1.085247
2014-08-31,0.9789024
2014-09-01,0.9328326
2014-09-02,0.8590901999999999
2014-09-03,0.7112999999999999
2014-09-04,1.2177407999999998
2014-09-05,1.3154063999999999
2014-09-06,1.2479208
2014-09-07,1.1616564
2014-09-08,1.0832172
2014-09-09,1.0030404
2014-09-10,1.239921
2014-09-11,1.2006822
2014-09-12,1.3258614
2014-09-13,1.262385
2014-09-14,1.208718
2014-09-15,1.2703962
2014-09-16,1.2190860000000001
2014-09-17,1.1560314
2014-09-18,1.0926624
2014-09-19,1.0180878
2014-09-20,0.9964278
2014-09-21,0.989793
2014-09-22,0.9137406
2014-09-23,0.835224
2014-09-24,0.7709393999999999
2014-09-25,0.702033
2014-09-26,0.6169577999999999
2014-09-27,0.5413055999999999
2014-09-28,0.5129286
2014-09-29,0.4932942
2014-09-30,0.4839792
2014-10-01,0.47010899999999994
2014-10-02,0.48964620000000003
2014-10-03,0.5757894
2014-10-04,0.5805606
2014-10-05,0.5492471999999999
2014-10-06,0.52686
2014-10-07,0.5170428
2014-10-08,0.4984068
2014-10-09,0.48239639999999995
2014-10-10,0.4705434
2014-10-11,0.45846659999999995
2014-10-12,0.45055619999999996
2014-10-13,0.5832972
2014-10-14,0.9811007999999999
2014-10-15,1.0834788
2014-10-16,1.0449738
2014-10-17,1.0524977999999998
2014-10-18,1.0319676
2014-10-19,1.0113498
2014-10-20,0.9797184
2014-10-21,0.9602879999999999
2014-10-22,0.9326922
2014-10-23,0.9760157999999999
2014-10-24,0.9325943999999999
2014-10-25,0.8792478
2014-10-26,0.8375429999999999
2014-10-27,0.8013096
2014-10-28,0.7739454
2014-10-29,0.7664988
2014-10-30,0.7540218
2014-10-31,0.7429278
2014-11-01,0.7270188
2014-11-02,0.702144
2014-11-03,0.6847872
2014-11-04,0.7010466000000001
2014-11-05,0.6887844
2014-11-06,0.6973788
2014-11-07,0.6810804
2014-11-08,0.6584399999999999
2014-11-09,0.6349296
2014-11-10,0.6118152
2014-11-11,0.6482574
2014-11-12,0.6328956
2014-11-13,0.6289242
2014-11-14,0.6103649999999999
2014-11-15,0.6715577999999999
2014-11-16,0.6388764
2014-11-17,0.6273449999999999
2014-11-18,0.6170136
2014-11-19,0.6074052
2014-11-20,0.5907174
2014-11-21,0.5833866
2014-11-22,0.552615
2014-11-23,0.7752461999999999
2014-11-24,1.0694184
2014-11-25,1.0570704
2014-11-26,1.0718094
2014-11-27,1.0793178
2014-11-28,1.0851192
2014-11-29,1.0293552
2014-11-30,1.098042
2014-12-01,1.1105916
2014-12-02,1.111869
2014-12-03,1.1069807999999999
2014-12-04,1.1011494
2014-12-05,1.0913184
2014-12-06,1.0869168
2014-12-07,1.1085978
2014-12-08,1.134564
2014-12-09,1.1628209999999999
2014-12-10,1.1622222
2014-12-11,1.154349
2014-12-12,1.1482662
2014-12-13,1.1413104
2014-12-14,1.1340204
2014-12-15,1.2177324
2014-12-16,1.3077047999999998
2014-12-17,1.2985164
2014-12-18,1.306944
2014-12-19,1.3016712000000001
2014-12-20,1.3164408
2014-12-21,1.3092666
2014-12-22,1.3867308
2014-12-23,1.5734172
2014-12-24,1.6041311999999999
2014-12-25,1.6002383999999998
2014-12-26,1.5996768
2014-12-27,1.6262364
2014-12-28,1.6169916
2014-12-29,1.6200497999999999
2014-12-30,1.6168116
